file_id,kss,SubjectID,Gender
sid_001_02_101.wav,4.5,1,F
sid_001_03_101.wav,3.0,1,F
sid_001_11_101.wav,3.0,1,F
sid_001_12_101.wav,4.5,1,F
sid_001_13_101.wav,3.0,1,F
sid_002_01_101.wav,3.5,2,M
sid_002_03_101.wav,6.0,2,M
sid_002_11_101.wav,3.0,2,M
sid_002_12_101.wav,3.5,2,M
sid_002_13_101.wav,4.5,2,M
sid_003_01_101.wav,7.5,3,M
sid_003_02_101.wav,7.5,3,M
sid_003_03_101.wav,7.5,3,M
sid_003_11_101.wav,6.0,3,M
sid_003_12_101.wav,7.5,3,M
sid_003_15_407.wav,3.0,3,M
sid_003_15_408.wav,3.0,3,M
sid_004_01_101.wav,5.0,4,M
sid_004_01_701.wav,5.0,4,M
sid_004_02_101.wav,4.5,4,M
sid_004_02_701.wav,4.5,4,M
sid_004_03_101.wav,6.0,4,M
sid_004_03_701.wav,6.0,4,M
sid_004_05_701.wav,6.0,4,M
sid_004_06_701.wav,6.0,4,M
sid_004_07_701.wav,3.0,4,M
sid_004_09_701.wav,3.0,4,M
sid_004_10_701.wav,3.0,4,M
sid_004_11_101.wav,3.0,4,M
sid_004_12_101.wav,3.0,4,M
sid_004_12_701.wav,3.0,4,M
sid_004_13_101.wav,4.5,4,M
sid_004_13_701.wav,4.5,4,M
sid_005_01_101.wav,5.0,5,F
sid_005_01_701.wav,5.0,5,F
sid_005_02_101.wav,4.5,5,F
sid_005_02_701.wav,4.5,5,F
sid_005_03_701.wav,6.0,5,F
sid_005_04_101.wav,6.0,5,F
sid_005_04_701.wav,6.0,5,F
sid_005_05_701.wav,6.0,5,F
sid_005_06_701.wav,6.0,5,F
sid_005_07_701.wav,3.0,5,F
sid_005_10_701.wav,3.0,5,F
sid_005_11_101.wav,3.0,5,F
sid_005_12_101.wav,3.0,5,F
sid_005_12_701.wav,3.0,5,F
sid_005_13_101.wav,3.0,5,F
sid_005_13_701.wav,3.0,5,F
sid_009_01_101.wav,7.0,9,F
sid_009_01_701.wav,7.0,9,F
sid_009_02_701.wav,7.5,9,F
sid_009_03_101.wav,6.0,9,F
sid_009_03_701.wav,6.0,9,F
sid_009_04_701.wav,6.5,9,F
sid_009_05_701.wav,7.5,9,F
sid_009_06_701.wav,9.0,9,F
sid_009_07_701.wav,3.0,9,F
sid_009_08_701.wav,3.0,9,F
sid_009_09_701.wav,3.0,9,F
sid_009_10_701.wav,3.0,9,F
sid_009_11_101.wav,3.0,9,F
sid_009_11_701.wav,3.0,9,F
sid_009_12_101.wav,3.0,9,F
sid_009_12_701.wav,3.0,9,F
sid_009_13_101.wav,4.5,9,F
sid_009_13_701.wav,4.5,9,F
sid_009_14_101.wav,3.0,9,F
sid_009_14_407.wav,3.0,9,F
sid_009_14_408.wav,3.0,9,F
sid_009_14_701.wav,3.0,9,F
sid_010_01_403.wav,7.5,10,F
sid_010_01_404.wav,7.5,10,F
sid_010_01_405.wav,7.5,10,F
sid_010_01_406.wav,7.5,10,F
sid_010_01_407.wav,7.5,10,F
sid_010_01_408.wav,7.5,10,F
sid_010_01_409.wav,7.5,10,F
sid_010_01_701.wav,7.5,10,F
sid_010_02_101.wav,7.5,10,F
sid_010_02_401.wav,7.5,10,F
sid_010_02_402.wav,7.5,10,F
sid_010_02_403.wav,7.5,10,F
sid_010_02_404.wav,7.5,10,F
sid_010_02_405.wav,7.5,10,F
sid_010_02_406.wav,7.5,10,F
sid_010_02_407.wav,7.5,10,F
sid_010_02_408.wav,7.5,10,F
sid_010_02_409.wav,7.5,10,F
sid_010_02_701.wav,7.5,10,F
sid_010_03_101.wav,9.0,10,F
sid_010_03_401.wav,9.0,10,F
sid_010_03_402.wav,9.0,10,F
sid_010_03_403.wav,9.0,10,F
sid_010_03_404.wav,9.0,10,F
sid_010_03_405.wav,9.0,10,F
sid_010_03_406.wav,9.0,10,F
sid_010_03_407.wav,9.0,10,F
sid_010_03_408.wav,9.0,10,F
sid_010_03_409.wav,9.0,10,F
sid_010_03_701.wav,9.0,10,F
sid_010_04_401.wav,9.0,10,F
sid_010_04_402.wav,9.0,10,F
sid_010_04_403.wav,9.0,10,F
sid_010_04_404.wav,9.0,10,F
sid_010_04_405.wav,9.0,10,F
sid_010_04_406.wav,9.0,10,F
sid_010_04_407.wav,9.0,10,F
sid_010_04_408.wav,9.0,10,F
sid_010_04_409.wav,9.0,10,F
sid_010_04_701.wav,9.0,10,F
sid_010_05_401.wav,10.0,10,F
sid_010_05_402.wav,10.0,10,F
sid_010_05_403.wav,10.0,10,F
sid_010_05_404.wav,10.0,10,F
sid_010_05_405.wav,10.0,10,F
sid_010_05_406.wav,10.0,10,F
sid_010_05_407.wav,10.0,10,F
sid_010_05_408.wav,10.0,10,F
sid_010_05_409.wav,10.0,10,F
sid_010_05_701.wav,10.0,10,F
sid_010_06_401.wav,10.0,10,F
sid_010_06_402.wav,10.0,10,F
sid_010_06_403.wav,10.0,10,F
sid_010_06_404.wav,10.0,10,F
sid_010_06_405.wav,10.0,10,F
sid_010_06_406.wav,10.0,10,F
sid_010_06_407.wav,10.0,10,F
sid_010_06_408.wav,10.0,10,F
sid_010_06_409.wav,10.0,10,F
sid_010_06_701.wav,10.0,10,F
sid_010_07_401.wav,7.5,10,F
sid_010_07_402.wav,7.5,10,F
sid_010_07_403.wav,7.5,10,F
sid_010_07_404.wav,7.5,10,F
sid_010_07_405.wav,7.5,10,F
sid_010_07_406.wav,7.5,10,F
sid_010_07_407.wav,7.5,10,F
sid_010_07_408.wav,7.5,10,F
sid_010_07_409.wav,7.5,10,F
sid_010_07_701.wav,7.5,10,F
sid_010_08_401.wav,7.5,10,F
sid_010_08_402.wav,7.5,10,F
sid_010_08_403.wav,7.5,10,F
sid_010_08_404.wav,7.5,10,F
sid_010_08_405.wav,7.5,10,F
sid_010_08_406.wav,7.5,10,F
sid_010_08_407.wav,7.5,10,F
sid_010_08_408.wav,7.5,10,F
sid_010_08_409.wav,7.5,10,F
sid_010_08_701.wav,7.5,10,F
sid_010_09_401.wav,4.5,10,F
sid_010_09_402.wav,4.5,10,F
sid_010_09_403.wav,4.5,10,F
sid_010_09_404.wav,4.5,10,F
sid_010_09_405.wav,4.5,10,F
sid_010_09_406.wav,4.5,10,F
sid_010_09_407.wav,4.5,10,F
sid_010_09_408.wav,4.5,10,F
sid_010_09_409.wav,4.5,10,F
sid_010_09_701.wav,4.5,10,F
sid_010_10_401.wav,1.5,10,F
sid_010_10_402.wav,1.5,10,F
sid_010_10_403.wav,1.5,10,F
sid_010_10_404.wav,1.5,10,F
sid_010_10_405.wav,1.5,10,F
sid_010_10_406.wav,1.5,10,F
sid_010_10_407.wav,1.5,10,F
sid_010_10_408.wav,1.5,10,F
sid_010_10_409.wav,1.5,10,F
sid_010_10_701.wav,1.5,10,F
sid_010_11_101.wav,10.0,10,F
sid_010_11_401.wav,10.0,10,F
sid_010_11_402.wav,10.0,10,F
sid_010_11_403.wav,10.0,10,F
sid_010_11_404.wav,10.0,10,F
sid_010_11_405.wav,10.0,10,F
sid_010_11_406.wav,10.0,10,F
sid_010_11_407.wav,10.0,10,F
sid_010_11_408.wav,10.0,10,F
sid_010_11_409.wav,10.0,10,F
sid_010_11_701.wav,10.0,10,F
sid_010_12_101.wav,6.0,10,F
sid_010_12_401.wav,6.0,10,F
sid_010_12_402.wav,6.0,10,F
sid_010_12_403.wav,6.0,10,F
sid_010_12_404.wav,6.0,10,F
sid_010_12_405.wav,6.0,10,F
sid_010_12_406.wav,6.0,10,F
sid_010_12_407.wav,6.0,10,F
sid_010_12_408.wav,6.0,10,F
sid_010_12_409.wav,6.0,10,F
sid_010_12_701.wav,6.0,10,F
sid_010_13_101.wav,7.5,10,F
sid_010_13_401.wav,7.5,10,F
sid_010_13_402.wav,7.5,10,F
sid_010_13_403.wav,7.5,10,F
sid_010_13_404.wav,7.5,10,F
sid_010_13_405.wav,7.5,10,F
sid_010_13_406.wav,7.5,10,F
sid_010_13_407.wav,7.5,10,F
sid_010_13_408.wav,7.5,10,F
sid_010_13_409.wav,7.5,10,F
sid_010_13_701.wav,7.5,10,F
sid_010_14_101.wav,7.5,10,F
sid_010_14_401.wav,7.5,10,F
sid_010_14_402.wav,7.5,10,F
sid_010_14_403.wav,7.5,10,F
sid_010_14_404.wav,7.5,10,F
sid_010_14_405.wav,7.5,10,F
sid_010_14_406.wav,7.5,10,F
sid_010_14_407.wav,7.5,10,F
sid_010_14_408.wav,7.5,10,F
sid_010_14_409.wav,7.5,10,F
sid_010_14_701.wav,7.5,10,F
sid_011_01_101.wav,1.3,11,F
sid_011_01_401.wav,1.3,11,F
sid_011_01_402.wav,1.3,11,F
sid_011_01_403.wav,1.3,11,F
sid_011_01_404.wav,1.3,11,F
sid_011_01_405.wav,1.3,11,F
sid_011_01_406.wav,1.3,11,F
sid_011_01_407.wav,1.3,11,F
sid_011_01_408.wav,1.3,11,F
sid_011_01_409.wav,1.3,11,F
sid_011_01_701.wav,1.3,11,F
sid_011_02_101.wav,4.5,11,F
sid_011_02_401.wav,4.5,11,F
sid_011_02_402.wav,4.5,11,F
sid_011_02_403.wav,4.5,11,F
sid_011_02_404.wav,4.5,11,F
sid_011_02_405.wav,4.5,11,F
sid_011_02_406.wav,4.5,11,F
sid_011_02_407.wav,4.5,11,F
sid_011_02_408.wav,4.5,11,F
sid_011_02_409.wav,4.5,11,F
sid_011_02_701.wav,4.5,11,F
sid_011_03_401.wav,6.0,11,F
sid_011_03_402.wav,6.0,11,F
sid_011_03_403.wav,6.0,11,F
sid_011_03_404.wav,6.0,11,F
sid_011_03_405.wav,6.0,11,F
sid_011_03_406.wav,6.0,11,F
sid_011_03_407.wav,6.0,11,F
sid_011_03_408.wav,6.0,11,F
sid_011_03_409.wav,6.0,11,F
sid_011_03_701.wav,6.0,11,F
sid_011_04_401.wav,6.0,11,F
sid_011_04_402.wav,6.0,11,F
sid_011_04_403.wav,6.0,11,F
sid_011_04_404.wav,6.0,11,F
sid_011_04_405.wav,6.0,11,F
sid_011_04_406.wav,6.0,11,F
sid_011_04_407.wav,6.0,11,F
sid_011_04_408.wav,6.0,11,F
sid_011_04_409.wav,6.0,11,F
sid_011_04_701.wav,6.0,11,F
sid_011_05_401.wav,7.5,11,F
sid_011_05_402.wav,7.5,11,F
sid_011_05_403.wav,7.5,11,F
sid_011_05_404.wav,7.5,11,F
sid_011_05_405.wav,7.5,11,F
sid_011_05_406.wav,7.5,11,F
sid_011_05_407.wav,7.5,11,F
sid_011_05_408.wav,7.5,11,F
sid_011_05_409.wav,7.5,11,F
sid_011_05_701.wav,7.5,11,F
sid_011_06_701.wav,7.5,11,F
sid_011_07_401.wav,1.5,11,F
sid_011_07_402.wav,1.5,11,F
sid_011_07_403.wav,1.5,11,F
sid_011_07_404.wav,1.5,11,F
sid_011_07_405.wav,1.5,11,F
sid_011_07_406.wav,1.5,11,F
sid_011_07_407.wav,1.5,11,F
sid_011_07_408.wav,1.5,11,F
sid_011_07_409.wav,1.5,11,F
sid_011_07_701.wav,1.5,11,F
sid_011_08_401.wav,3.0,11,F
sid_011_08_402.wav,3.0,11,F
sid_011_08_403.wav,3.0,11,F
sid_011_08_404.wav,3.0,11,F
sid_011_08_405.wav,3.0,11,F
sid_011_08_406.wav,3.0,11,F
sid_011_08_407.wav,3.0,11,F
sid_011_08_408.wav,3.0,11,F
sid_011_08_409.wav,3.0,11,F
sid_011_08_701.wav,3.0,11,F
sid_011_09_401.wav,4.5,11,F
sid_011_09_402.wav,4.5,11,F
sid_011_09_403.wav,4.5,11,F
sid_011_09_404.wav,4.5,11,F
sid_011_09_405.wav,4.5,11,F
sid_011_09_406.wav,4.5,11,F
sid_011_09_407.wav,4.5,11,F
sid_011_09_408.wav,4.5,11,F
sid_011_09_409.wav,4.5,11,F
sid_011_09_701.wav,4.5,11,F
sid_011_10_401.wav,6.0,11,F
sid_011_10_402.wav,6.0,11,F
sid_011_10_403.wav,6.0,11,F
sid_011_10_404.wav,6.0,11,F
sid_011_10_405.wav,6.0,11,F
sid_011_10_406.wav,6.0,11,F
sid_011_10_407.wav,6.0,11,F
sid_011_10_408.wav,6.0,11,F
sid_011_10_409.wav,6.0,11,F
sid_011_10_701.wav,6.0,11,F
sid_011_11_101.wav,7.6,11,F
sid_011_11_401.wav,7.6,11,F
sid_011_11_402.wav,7.6,11,F
sid_011_11_403.wav,7.6,11,F
sid_011_11_404.wav,7.6,11,F
sid_011_11_405.wav,7.6,11,F
sid_011_11_406.wav,7.6,11,F
sid_011_11_407.wav,7.6,11,F
sid_011_11_408.wav,7.6,11,F
sid_011_11_409.wav,7.6,11,F
sid_011_11_701.wav,7.6,11,F
sid_011_12_101.wav,6.0,11,F
sid_011_12_401.wav,6.0,11,F
sid_011_12_402.wav,6.0,11,F
sid_011_12_403.wav,6.0,11,F
sid_011_12_404.wav,6.0,11,F
sid_011_12_405.wav,6.0,11,F
sid_011_12_406.wav,6.0,11,F
sid_011_12_407.wav,6.0,11,F
sid_011_12_408.wav,6.0,11,F
sid_011_12_409.wav,6.0,11,F
sid_011_12_701.wav,6.0,11,F
sid_011_13_101.wav,6.0,11,F
sid_011_13_401.wav,6.0,11,F
sid_011_13_402.wav,6.0,11,F
sid_011_13_403.wav,6.0,11,F
sid_011_13_404.wav,6.0,11,F
sid_011_13_405.wav,6.0,11,F
sid_011_13_406.wav,6.0,11,F
sid_011_13_407.wav,6.0,11,F
sid_011_13_408.wav,6.0,11,F
sid_011_13_409.wav,6.0,11,F
sid_011_13_701.wav,6.0,11,F
sid_011_14_401.wav,1.5,11,F
sid_011_14_402.wav,1.5,11,F
sid_011_14_403.wav,1.5,11,F
sid_011_14_404.wav,1.5,11,F
sid_011_14_405.wav,1.5,11,F
sid_011_14_406.wav,1.5,11,F
sid_011_14_407.wav,1.5,11,F
sid_011_14_408.wav,1.5,11,F
sid_011_14_409.wav,1.5,11,F
sid_012_01_101.wav,3.0,12,M
sid_012_01_401.wav,3.0,12,M
sid_012_01_402.wav,3.0,12,M
sid_012_01_403.wav,3.0,12,M
sid_012_01_404.wav,3.0,12,M
sid_012_01_405.wav,3.0,12,M
sid_012_01_406.wav,3.0,12,M
sid_012_01_407.wav,3.0,12,M
sid_012_01_408.wav,3.0,12,M
sid_012_01_409.wav,3.0,12,M
sid_012_01_701.wav,3.0,12,M
sid_012_02_101.wav,4.3,12,M
sid_012_02_401.wav,4.3,12,M
sid_012_02_402.wav,4.3,12,M
sid_012_02_403.wav,4.3,12,M
sid_012_02_404.wav,4.3,12,M
sid_012_02_405.wav,4.3,12,M
sid_012_02_406.wav,4.3,12,M
sid_012_02_407.wav,4.3,12,M
sid_012_02_408.wav,4.3,12,M
sid_012_02_409.wav,4.3,12,M
sid_012_02_701.wav,4.3,12,M
sid_012_03_401.wav,4.5,12,M
sid_012_03_402.wav,4.5,12,M
sid_012_03_403.wav,4.5,12,M
sid_012_03_404.wav,4.5,12,M
sid_012_03_405.wav,4.5,12,M
sid_012_03_406.wav,4.5,12,M
sid_012_03_407.wav,4.5,12,M
sid_012_03_408.wav,4.5,12,M
sid_012_03_409.wav,4.5,12,M
sid_012_03_701.wav,4.5,12,M
sid_012_04_101.wav,5.0,12,M
sid_012_04_301.wav,5.0,12,M
sid_012_04_401.wav,5.0,12,M
sid_012_04_402.wav,5.0,12,M
sid_012_04_403.wav,5.0,12,M
sid_012_04_404.wav,5.0,12,M
sid_012_04_405.wav,5.0,12,M
sid_012_04_406.wav,5.0,12,M
sid_012_04_407.wav,5.0,12,M
sid_012_04_408.wav,5.0,12,M
sid_012_04_409.wav,5.0,12,M
sid_012_04_701.wav,5.0,12,M
sid_012_05_401.wav,5.0,12,M
sid_012_05_402.wav,5.0,12,M
sid_012_05_403.wav,5.0,12,M
sid_012_05_404.wav,5.0,12,M
sid_012_05_405.wav,5.0,12,M
sid_012_05_406.wav,5.0,12,M
sid_012_05_407.wav,5.0,12,M
sid_012_05_408.wav,5.0,12,M
sid_012_05_409.wav,5.0,12,M
sid_012_07_701.wav,5.0,12,M
sid_012_08_701.wav,5.0,12,M
sid_012_09_701.wav,6.0,12,M
sid_012_10_101.wav,6.0,12,M
sid_012_10_401.wav,6.0,12,M
sid_012_10_402.wav,6.0,12,M
sid_012_10_403.wav,6.0,12,M
sid_012_10_404.wav,6.0,12,M
sid_012_10_405.wav,6.0,12,M
sid_012_10_406.wav,6.0,12,M
sid_012_10_407.wav,6.0,12,M
sid_012_10_408.wav,6.0,12,M
sid_012_10_409.wav,6.0,12,M
sid_012_10_701.wav,6.0,12,M
sid_012_11_101.wav,7.6,12,M
sid_012_11_401.wav,7.6,12,M
sid_012_11_402.wav,7.6,12,M
sid_012_11_403.wav,7.6,12,M
sid_012_11_404.wav,7.6,12,M
sid_012_11_405.wav,7.6,12,M
sid_012_11_406.wav,7.6,12,M
sid_012_11_407.wav,7.6,12,M
sid_012_11_408.wav,7.6,12,M
sid_012_11_409.wav,7.6,12,M
sid_012_11_701.wav,7.6,12,M
sid_031_01_101.wav,5.0,31,M
sid_031_01_401.wav,5.0,31,M
sid_031_01_402.wav,5.0,31,M
sid_031_01_403.wav,5.0,31,M
sid_031_01_404.wav,5.0,31,M
sid_031_01_405.wav,5.0,31,M
sid_031_01_406.wav,5.0,31,M
sid_031_01_407.wav,5.0,31,M
sid_031_01_408.wav,5.0,31,M
sid_031_01_409.wav,5.0,31,M
sid_031_01_501.wav,5.0,31,M
sid_031_01_502.wav,5.0,31,M
sid_031_01_503.wav,5.0,31,M
sid_031_01_504.wav,5.0,31,M
sid_031_02_101.wav,5.3,31,M
sid_031_02_401.wav,5.3,31,M
sid_031_02_402.wav,5.3,31,M
sid_031_02_403.wav,5.3,31,M
sid_031_02_404.wav,5.3,31,M
sid_031_02_405.wav,5.3,31,M
sid_031_02_406.wav,5.3,31,M
sid_031_02_407.wav,5.3,31,M
sid_031_02_408.wav,5.3,31,M
sid_031_02_409.wav,5.3,31,M
sid_031_02_501.wav,5.3,31,M
sid_031_02_502.wav,5.3,31,M
sid_031_02_503.wav,5.3,31,M
sid_031_02_504.wav,5.3,31,M
sid_031_03_101.wav,7.3,31,M
sid_031_03_401.wav,7.3,31,M
sid_031_03_402.wav,7.3,31,M
sid_031_03_403.wav,7.3,31,M
sid_031_03_404.wav,7.3,31,M
sid_031_03_405.wav,7.3,31,M
sid_031_03_406.wav,7.3,31,M
sid_031_03_407.wav,7.3,31,M
sid_031_03_408.wav,7.3,31,M
sid_031_03_409.wav,7.3,31,M
sid_031_03_501.wav,7.3,31,M
sid_031_03_502.wav,7.3,31,M
sid_031_03_503.wav,7.3,31,M
sid_031_03_504.wav,7.3,31,M
sid_031_04_101.wav,8.0,31,M
sid_031_04_401.wav,8.0,31,M
sid_031_04_402.wav,8.0,31,M
sid_031_04_403.wav,8.0,31,M
sid_031_04_404.wav,8.0,31,M
sid_031_04_405.wav,8.0,31,M
sid_031_04_406.wav,8.0,31,M
sid_031_04_407.wav,8.0,31,M
sid_031_04_408.wav,8.0,31,M
sid_031_04_409.wav,8.0,31,M
sid_031_04_501.wav,8.0,31,M
sid_031_04_502.wav,8.0,31,M
sid_031_04_503.wav,8.0,31,M
sid_031_04_504.wav,8.0,31,M
sid_031_05_101.wav,8.3,31,M
sid_031_05_401.wav,8.3,31,M
sid_031_05_402.wav,8.3,31,M
sid_031_05_403.wav,8.3,31,M
sid_031_05_404.wav,8.3,31,M
sid_031_05_405.wav,8.3,31,M
sid_031_05_406.wav,8.3,31,M
sid_031_05_407.wav,8.3,31,M
sid_031_05_408.wav,8.3,31,M
sid_031_05_409.wav,8.3,31,M
sid_031_05_501.wav,8.3,31,M
sid_031_05_502.wav,8.3,31,M
sid_031_05_503.wav,8.3,31,M
sid_031_06_101.wav,8.0,31,M
sid_031_06_401.wav,8.0,31,M
sid_031_06_402.wav,8.0,31,M
sid_031_06_403.wav,8.0,31,M
sid_031_06_404.wav,8.0,31,M
sid_031_06_405.wav,8.0,31,M
sid_031_06_406.wav,8.0,31,M
sid_031_06_407.wav,8.0,31,M
sid_031_06_408.wav,8.0,31,M
sid_031_06_409.wav,8.0,31,M
sid_031_06_501.wav,8.0,31,M
sid_031_06_502.wav,8.0,31,M
sid_031_06_503.wav,8.0,31,M
sid_031_06_504.wav,8.0,31,M
sid_031_07_101.wav,9.0,31,M
sid_031_07_401.wav,9.0,31,M
sid_031_07_402.wav,9.0,31,M
sid_031_07_403.wav,9.0,31,M
sid_031_07_404.wav,9.0,31,M
sid_031_07_405.wav,9.0,31,M
sid_031_07_406.wav,9.0,31,M
sid_031_07_407.wav,9.0,31,M
sid_031_07_408.wav,9.0,31,M
sid_031_07_409.wav,9.0,31,M
sid_031_07_501.wav,9.0,31,M
sid_031_07_502.wav,9.0,31,M
sid_031_07_503.wav,9.0,31,M
sid_031_07_504.wav,9.0,31,M
sid_031_08_401.wav,9.3,31,M
sid_031_08_402.wav,9.3,31,M
sid_031_08_403.wav,9.3,31,M
sid_031_08_404.wav,9.3,31,M
sid_031_08_405.wav,9.3,31,M
sid_031_08_406.wav,9.3,31,M
sid_031_08_407.wav,9.3,31,M
sid_031_08_408.wav,9.3,31,M
sid_031_08_409.wav,9.3,31,M
sid_031_08_501.wav,9.3,31,M
sid_031_08_503.wav,9.3,31,M
sid_031_08_504.wav,9.3,31,M
sid_032_01_101.wav,3.0,32,M
sid_032_01_401.wav,3.0,32,M
sid_032_01_402.wav,3.0,32,M
sid_032_01_403.wav,3.0,32,M
sid_032_01_404.wav,3.0,32,M
sid_032_01_405.wav,3.0,32,M
sid_032_01_406.wav,3.0,32,M
sid_032_01_407.wav,3.0,32,M
sid_032_01_408.wav,3.0,32,M
sid_032_01_409.wav,3.0,32,M
sid_032_01_501.wav,3.0,32,M
sid_032_01_502.wav,3.0,32,M
sid_032_01_503.wav,3.0,32,M
sid_032_01_504.wav,3.0,32,M
sid_032_02_101.wav,4.3,32,M
sid_032_02_401.wav,4.3,32,M
sid_032_02_402.wav,4.3,32,M
sid_032_02_403.wav,4.3,32,M
sid_032_02_404.wav,4.3,32,M
sid_032_02_405.wav,4.3,32,M
sid_032_02_406.wav,4.3,32,M
sid_032_02_407.wav,4.3,32,M
sid_032_02_408.wav,4.3,32,M
sid_032_02_409.wav,4.3,32,M
sid_032_02_501.wav,4.3,32,M
sid_032_02_502.wav,4.3,32,M
sid_032_02_503.wav,4.3,32,M
sid_032_02_504.wav,4.3,32,M
sid_032_03_101.wav,5.3,32,M
sid_032_03_401.wav,5.3,32,M
sid_032_03_402.wav,5.3,32,M
sid_032_03_403.wav,5.3,32,M
sid_032_03_404.wav,5.3,32,M
sid_032_03_405.wav,5.3,32,M
sid_032_03_406.wav,5.3,32,M
sid_032_03_407.wav,5.3,32,M
sid_032_03_408.wav,5.3,32,M
sid_032_03_409.wav,5.3,32,M
sid_032_03_501.wav,5.3,32,M
sid_032_03_502.wav,5.3,32,M
sid_032_03_503.wav,5.3,32,M
sid_032_03_504.wav,5.3,32,M
sid_032_04_101.wav,6.7,32,M
sid_032_04_401.wav,6.7,32,M
sid_032_04_402.wav,6.7,32,M
sid_032_04_403.wav,6.7,32,M
sid_032_04_404.wav,6.7,32,M
sid_032_04_405.wav,6.7,32,M
sid_032_04_406.wav,6.7,32,M
sid_032_04_407.wav,6.7,32,M
sid_032_04_408.wav,6.7,32,M
sid_032_04_409.wav,6.7,32,M
sid_032_04_501.wav,6.7,32,M
sid_032_04_502.wav,6.7,32,M
sid_032_04_503.wav,6.7,32,M
sid_032_04_504.wav,6.7,32,M
sid_032_05_101.wav,6.3,32,M
sid_032_05_401.wav,6.3,32,M
sid_032_05_402.wav,6.3,32,M
sid_032_05_403.wav,6.3,32,M
sid_032_05_404.wav,6.3,32,M
sid_032_05_405.wav,6.3,32,M
sid_032_05_406.wav,6.3,32,M
sid_032_05_407.wav,6.3,32,M
sid_032_05_408.wav,6.3,32,M
sid_032_05_409.wav,6.3,32,M
sid_032_05_501.wav,6.3,32,M
sid_032_05_502.wav,6.3,32,M
sid_032_05_503.wav,6.3,32,M
sid_032_05_504.wav,6.3,32,M
sid_032_06_101.wav,8.0,32,M
sid_032_06_401.wav,8.0,32,M
sid_032_06_402.wav,8.0,32,M
sid_032_06_403.wav,8.0,32,M
sid_032_06_404.wav,8.0,32,M
sid_032_06_405.wav,8.0,32,M
sid_032_06_406.wav,8.0,32,M
sid_032_06_407.wav,8.0,32,M
sid_032_06_408.wav,8.0,32,M
sid_032_06_409.wav,8.0,32,M
sid_032_06_501.wav,8.0,32,M
sid_032_06_502.wav,8.0,32,M
sid_032_06_503.wav,8.0,32,M
sid_032_06_504.wav,8.0,32,M
sid_032_07_101.wav,9.3,32,M
sid_032_07_401.wav,9.3,32,M
sid_032_07_402.wav,9.3,32,M
sid_032_07_403.wav,9.3,32,M
sid_032_07_404.wav,9.3,32,M
sid_032_07_405.wav,9.3,32,M
sid_032_07_406.wav,9.3,32,M
sid_032_07_407.wav,9.3,32,M
sid_032_07_408.wav,9.3,32,M
sid_032_07_409.wav,9.3,32,M
sid_032_07_501.wav,9.3,32,M
sid_032_07_502.wav,9.3,32,M
sid_032_07_503.wav,9.3,32,M
sid_032_07_504.wav,9.3,32,M
sid_032_08_101.wav,9.0,32,M
sid_032_08_401.wav,9.0,32,M
sid_032_08_402.wav,9.0,32,M
sid_032_08_403.wav,9.0,32,M
sid_032_08_404.wav,9.0,32,M
sid_032_08_405.wav,9.0,32,M
sid_032_08_406.wav,9.0,32,M
sid_032_08_407.wav,9.0,32,M
sid_032_08_408.wav,9.0,32,M
sid_032_08_409.wav,9.0,32,M
sid_032_08_501.wav,9.0,32,M
sid_032_08_503.wav,9.0,32,M
sid_032_08_504.wav,9.0,32,M
sid_033_01_101.wav,2.0,33,M
sid_033_01_401.wav,2.0,33,M
sid_033_01_402.wav,2.0,33,M
sid_033_01_403.wav,2.0,33,M
sid_033_01_404.wav,2.0,33,M
sid_033_01_405.wav,2.0,33,M
sid_033_01_406.wav,2.0,33,M
sid_033_01_407.wav,2.0,33,M
sid_033_01_408.wav,2.0,33,M
sid_033_01_409.wav,2.0,33,M
sid_033_01_501.wav,2.0,33,M
sid_033_01_502.wav,2.0,33,M
sid_033_01_503.wav,2.0,33,M
sid_033_01_504.wav,2.0,33,M
sid_033_02_101.wav,7.7,33,M
sid_033_02_401.wav,7.7,33,M
sid_033_02_402.wav,7.7,33,M
sid_033_02_403.wav,7.7,33,M
sid_033_02_404.wav,7.7,33,M
sid_033_02_405.wav,7.7,33,M
sid_033_02_406.wav,7.7,33,M
sid_033_02_407.wav,7.7,33,M
sid_033_02_408.wav,7.7,33,M
sid_033_02_409.wav,7.7,33,M
sid_033_02_501.wav,7.7,33,M
sid_033_02_502.wav,7.7,33,M
sid_033_02_503.wav,7.7,33,M
sid_033_02_504.wav,7.7,33,M
sid_033_03_101.wav,8.7,33,M
sid_033_03_401.wav,8.7,33,M
sid_033_03_402.wav,8.7,33,M
sid_033_03_403.wav,8.7,33,M
sid_033_03_404.wav,8.7,33,M
sid_033_03_405.wav,8.7,33,M
sid_033_03_406.wav,8.7,33,M
sid_033_03_407.wav,8.7,33,M
sid_033_03_408.wav,8.7,33,M
sid_033_03_409.wav,8.7,33,M
sid_033_03_501.wav,8.7,33,M
sid_033_03_502.wav,8.7,33,M
sid_033_03_503.wav,8.7,33,M
sid_033_03_504.wav,8.7,33,M
sid_033_04_101.wav,9.3,33,M
sid_033_04_401.wav,9.3,33,M
sid_033_04_402.wav,9.3,33,M
sid_033_04_403.wav,9.3,33,M
sid_033_04_404.wav,9.3,33,M
sid_033_04_405.wav,9.3,33,M
sid_033_04_406.wav,9.3,33,M
sid_033_04_407.wav,9.3,33,M
sid_033_04_408.wav,9.3,33,M
sid_033_04_409.wav,9.3,33,M
sid_033_04_501.wav,9.3,33,M
sid_033_04_502.wav,9.3,33,M
sid_033_04_503.wav,9.3,33,M
sid_033_04_504.wav,9.3,33,M
sid_033_05_101.wav,9.7,33,M
sid_033_05_401.wav,9.7,33,M
sid_033_05_402.wav,9.7,33,M
sid_033_05_403.wav,9.7,33,M
sid_033_05_404.wav,9.7,33,M
sid_033_05_405.wav,9.7,33,M
sid_033_05_406.wav,9.7,33,M
sid_033_05_407.wav,9.7,33,M
sid_033_05_408.wav,9.7,33,M
sid_033_05_409.wav,9.7,33,M
sid_033_05_501.wav,9.7,33,M
sid_033_05_502.wav,9.7,33,M
sid_033_05_503.wav,9.7,33,M
sid_033_05_504.wav,9.7,33,M
sid_033_06_101.wav,10.0,33,M
sid_033_06_401.wav,10.0,33,M
sid_033_06_402.wav,10.0,33,M
sid_033_06_403.wav,10.0,33,M
sid_033_06_404.wav,10.0,33,M
sid_033_06_405.wav,10.0,33,M
sid_033_06_406.wav,10.0,33,M
sid_033_06_407.wav,10.0,33,M
sid_033_06_408.wav,10.0,33,M
sid_033_06_409.wav,10.0,33,M
sid_033_06_501.wav,10.0,33,M
sid_033_06_502.wav,10.0,33,M
sid_033_06_503.wav,10.0,33,M
sid_033_06_504.wav,10.0,33,M
sid_033_07_101.wav,10.0,33,M
sid_033_07_401.wav,10.0,33,M
sid_033_07_402.wav,10.0,33,M
sid_033_07_403.wav,10.0,33,M
sid_033_07_404.wav,10.0,33,M
sid_033_07_405.wav,10.0,33,M
sid_033_07_406.wav,10.0,33,M
sid_033_07_407.wav,10.0,33,M
sid_033_07_408.wav,10.0,33,M
sid_033_07_409.wav,10.0,33,M
sid_033_07_501.wav,10.0,33,M
sid_033_07_502.wav,10.0,33,M
sid_033_07_503.wav,10.0,33,M
sid_033_07_504.wav,10.0,33,M
sid_033_08_101.wav,9.7,33,M
sid_033_08_401.wav,9.7,33,M
sid_033_08_402.wav,9.7,33,M
sid_033_08_403.wav,9.7,33,M
sid_033_08_404.wav,9.7,33,M
sid_033_08_405.wav,9.7,33,M
sid_033_08_406.wav,9.7,33,M
sid_033_08_407.wav,9.7,33,M
sid_033_08_408.wav,9.7,33,M
sid_033_08_409.wav,9.7,33,M
sid_033_08_501.wav,9.7,33,M
sid_033_08_503.wav,9.7,33,M
sid_033_08_504.wav,9.7,33,M
sid_035_01_101.wav,5.0,35,F
sid_035_01_401.wav,5.0,35,F
sid_035_01_402.wav,5.0,35,F
sid_035_01_403.wav,5.0,35,F
sid_035_01_404.wav,5.0,35,F
sid_035_01_405.wav,5.0,35,F
sid_035_01_406.wav,5.0,35,F
sid_035_01_407.wav,5.0,35,F
sid_035_01_408.wav,5.0,35,F
sid_035_01_409.wav,5.0,35,F
sid_035_01_501.wav,5.0,35,F
sid_035_01_502.wav,5.0,35,F
sid_035_01_503.wav,5.0,35,F
sid_035_01_504.wav,5.0,35,F
sid_035_02_101.wav,6.0,35,F
sid_035_02_401.wav,6.0,35,F
sid_035_02_402.wav,6.0,35,F
sid_035_02_403.wav,6.0,35,F
sid_035_02_404.wav,6.0,35,F
sid_035_02_405.wav,6.0,35,F
sid_035_02_406.wav,6.0,35,F
sid_035_02_407.wav,6.0,35,F
sid_035_02_408.wav,6.0,35,F
sid_035_02_409.wav,6.0,35,F
sid_035_02_501.wav,6.0,35,F
sid_035_02_502.wav,6.0,35,F
sid_035_02_503.wav,6.0,35,F
sid_035_02_504.wav,6.0,35,F
sid_035_03_101.wav,7.7,35,F
sid_035_03_401.wav,7.7,35,F
sid_035_03_402.wav,7.7,35,F
sid_035_03_403.wav,7.7,35,F
sid_035_03_404.wav,7.7,35,F
sid_035_03_405.wav,7.7,35,F
sid_035_03_406.wav,7.7,35,F
sid_035_03_407.wav,7.7,35,F
sid_035_03_408.wav,7.7,35,F
sid_035_03_409.wav,7.7,35,F
sid_035_03_501.wav,7.7,35,F
sid_035_03_502.wav,7.7,35,F
sid_035_03_503.wav,7.7,35,F
sid_035_03_504.wav,7.7,35,F
sid_035_04_101.wav,8.3,35,F
sid_035_04_401.wav,8.3,35,F
sid_035_04_402.wav,8.3,35,F
sid_035_04_403.wav,8.3,35,F
sid_035_04_404.wav,8.3,35,F
sid_035_04_405.wav,8.3,35,F
sid_035_04_406.wav,8.3,35,F
sid_035_04_407.wav,8.3,35,F
sid_035_04_408.wav,8.3,35,F
sid_035_04_409.wav,8.3,35,F
sid_035_04_501.wav,8.3,35,F
sid_035_04_502.wav,8.3,35,F
sid_035_04_503.wav,8.3,35,F
sid_035_04_504.wav,8.3,35,F
sid_035_05_101.wav,8.3,35,F
sid_035_05_401.wav,8.3,35,F
sid_035_05_402.wav,8.3,35,F
sid_035_05_403.wav,8.3,35,F
sid_035_05_404.wav,8.3,35,F
sid_035_05_405.wav,8.3,35,F
sid_035_05_406.wav,8.3,35,F
sid_035_05_407.wav,8.3,35,F
sid_035_05_408.wav,8.3,35,F
sid_035_05_409.wav,8.3,35,F
sid_035_05_501.wav,8.3,35,F
sid_035_05_502.wav,8.3,35,F
sid_035_05_503.wav,8.3,35,F
sid_035_05_504.wav,8.3,35,F
sid_035_06_101.wav,8.7,35,F
sid_035_06_401.wav,8.7,35,F
sid_035_06_402.wav,8.7,35,F
sid_035_06_403.wav,8.7,35,F
sid_035_06_404.wav,8.7,35,F
sid_035_06_405.wav,8.7,35,F
sid_035_06_406.wav,8.7,35,F
sid_035_06_407.wav,8.7,35,F
sid_035_06_408.wav,8.7,35,F
sid_035_06_409.wav,8.7,35,F
sid_035_06_501.wav,8.7,35,F
sid_035_06_502.wav,8.7,35,F
sid_035_06_503.wav,8.7,35,F
sid_035_06_504.wav,8.7,35,F
sid_035_07_101.wav,9.0,35,F
sid_035_07_401.wav,9.0,35,F
sid_035_07_402.wav,9.0,35,F
sid_035_07_403.wav,9.0,35,F
sid_035_07_404.wav,9.0,35,F
sid_035_07_405.wav,9.0,35,F
sid_035_07_406.wav,9.0,35,F
sid_035_07_407.wav,9.0,35,F
sid_035_07_408.wav,9.0,35,F
sid_035_07_409.wav,9.0,35,F
sid_035_07_501.wav,9.0,35,F
sid_035_07_502.wav,9.0,35,F
sid_035_07_503.wav,9.0,35,F
sid_035_07_504.wav,9.0,35,F
sid_035_08_101.wav,9.3,35,F
sid_035_08_401.wav,9.3,35,F
sid_035_08_402.wav,9.3,35,F
sid_035_08_403.wav,9.3,35,F
sid_035_08_404.wav,9.3,35,F
sid_035_08_405.wav,9.3,35,F
sid_035_08_406.wav,9.3,35,F
sid_035_08_407.wav,9.3,35,F
sid_035_08_408.wav,9.3,35,F
sid_035_08_409.wav,9.3,35,F
sid_035_08_501.wav,9.3,35,F
sid_035_08_503.wav,9.3,35,F
sid_035_08_504.wav,9.3,35,F
sid_035_09_401.wav,9.0,35,F
sid_051_01_101.wav,6.0,51,F
sid_051_01_301.wav,6.0,51,F
sid_051_01_401.wav,6.0,51,F
sid_051_01_403.wav,6.0,51,F
sid_051_01_404.wav,6.0,51,F
sid_051_01_405.wav,6.0,51,F
sid_051_01_406.wav,6.0,51,F
sid_051_01_407.wav,6.0,51,F
sid_051_01_408.wav,6.0,51,F
sid_051_01_409.wav,6.0,51,F
sid_051_01_410.wav,6.0,51,F
sid_051_01_501.wav,6.0,51,F
sid_051_01_502.wav,6.0,51,F
sid_051_01_503.wav,6.0,51,F
sid_051_01_504.wav,6.0,51,F
sid_051_02_101.wav,6.0,51,F
sid_051_02_301.wav,6.0,51,F
sid_051_02_401.wav,6.0,51,F
sid_051_02_402.wav,6.0,51,F
sid_051_02_403.wav,6.0,51,F
sid_051_02_404.wav,6.0,51,F
sid_051_02_405.wav,6.0,51,F
sid_051_02_406.wav,6.0,51,F
sid_051_02_407.wav,6.0,51,F
sid_051_02_408.wav,6.0,51,F
sid_051_02_409.wav,6.0,51,F
sid_051_02_410.wav,6.0,51,F
sid_051_02_501.wav,6.0,51,F
sid_051_02_502.wav,6.0,51,F
sid_051_02_503.wav,6.0,51,F
sid_051_02_504.wav,6.0,51,F
sid_051_03_101.wav,3.0,51,F
sid_051_03_301.wav,3.0,51,F
sid_051_03_401.wav,3.0,51,F
sid_051_03_402.wav,3.0,51,F
sid_051_03_403.wav,3.0,51,F
sid_051_03_404.wav,3.0,51,F
sid_051_03_405.wav,3.0,51,F
sid_051_03_406.wav,3.0,51,F
sid_051_03_407.wav,3.0,51,F
sid_051_03_408.wav,3.0,51,F
sid_051_03_409.wav,3.0,51,F
sid_051_03_410.wav,3.0,51,F
sid_051_03_501.wav,3.0,51,F
sid_051_03_502.wav,3.0,51,F
sid_051_03_503.wav,3.0,51,F
sid_051_03_504.wav,3.0,51,F
sid_051_04_101.wav,8.0,51,F
sid_051_04_301.wav,8.0,51,F
sid_051_04_401.wav,8.0,51,F
sid_051_04_402.wav,8.0,51,F
sid_051_04_403.wav,8.0,51,F
sid_051_04_404.wav,8.0,51,F
sid_051_04_405.wav,8.0,51,F
sid_051_04_406.wav,8.0,51,F
sid_051_04_407.wav,8.0,51,F
sid_051_04_408.wav,8.0,51,F
sid_051_04_409.wav,8.0,51,F
sid_051_04_410.wav,8.0,51,F
sid_051_04_501.wav,8.0,51,F
sid_051_04_502.wav,8.0,51,F
sid_051_04_503.wav,8.0,51,F
sid_051_04_504.wav,8.0,51,F
sid_051_05_101.wav,6.0,51,F
sid_051_05_301.wav,6.0,51,F
sid_051_05_401.wav,6.0,51,F
sid_051_05_402.wav,6.0,51,F
sid_051_05_403.wav,6.0,51,F
sid_051_05_404.wav,6.0,51,F
sid_051_05_405.wav,6.0,51,F
sid_051_05_406.wav,6.0,51,F
sid_051_05_407.wav,6.0,51,F
sid_051_05_408.wav,6.0,51,F
sid_051_05_409.wav,6.0,51,F
sid_051_05_410.wav,6.0,51,F
sid_051_05_501.wav,6.0,51,F
sid_051_05_502.wav,6.0,51,F
sid_051_05_503.wav,6.0,51,F
sid_051_05_504.wav,6.0,51,F
sid_051_06_101.wav,2.0,51,F
sid_051_06_301.wav,2.0,51,F
sid_051_06_401.wav,2.0,51,F
sid_051_06_402.wav,2.0,51,F
sid_051_06_403.wav,2.0,51,F
sid_051_06_404.wav,2.0,51,F
sid_051_06_405.wav,2.0,51,F
sid_051_06_406.wav,2.0,51,F
sid_051_06_407.wav,2.0,51,F
sid_051_06_408.wav,2.0,51,F
sid_051_06_409.wav,2.0,51,F
sid_051_06_410.wav,2.0,51,F
sid_051_06_501.wav,2.0,51,F
sid_051_06_502.wav,2.0,51,F
sid_051_06_503.wav,2.0,51,F
sid_051_06_504.wav,2.0,51,F
sid_051_07_101.wav,6.0,51,F
sid_051_07_301.wav,6.0,51,F
sid_051_07_401.wav,6.0,51,F
sid_051_07_402.wav,6.0,51,F
sid_051_07_403.wav,6.0,51,F
sid_051_07_404.wav,6.0,51,F
sid_051_07_405.wav,6.0,51,F
sid_051_07_406.wav,6.0,51,F
sid_051_07_407.wav,6.0,51,F
sid_051_07_408.wav,6.0,51,F
sid_051_07_409.wav,6.0,51,F
sid_051_07_410.wav,6.0,51,F
sid_051_07_501.wav,6.0,51,F
sid_051_07_502.wav,6.0,51,F
sid_051_07_503.wav,6.0,51,F
sid_051_07_504.wav,6.0,51,F
sid_051_08_101.wav,9.0,51,F
sid_051_08_301.wav,9.0,51,F
sid_051_08_401.wav,9.0,51,F
sid_051_08_402.wav,9.0,51,F
sid_051_08_403.wav,9.0,51,F
sid_051_08_404.wav,9.0,51,F
sid_051_08_405.wav,9.0,51,F
sid_051_08_406.wav,9.0,51,F
sid_051_08_407.wav,9.0,51,F
sid_051_08_408.wav,9.0,51,F
sid_051_08_409.wav,9.0,51,F
sid_051_08_410.wav,9.0,51,F
sid_051_08_501.wav,9.0,51,F
sid_051_08_502.wav,9.0,51,F
sid_051_08_503.wav,9.0,51,F
sid_051_08_504.wav,9.0,51,F
sid_051_09_101.wav,3.0,51,F
sid_051_09_301.wav,3.0,51,F
sid_051_09_401.wav,3.0,51,F
sid_051_09_402.wav,3.0,51,F
sid_051_09_403.wav,3.0,51,F
sid_051_09_404.wav,3.0,51,F
sid_051_09_405.wav,3.0,51,F
sid_051_09_406.wav,3.0,51,F
sid_051_09_407.wav,3.0,51,F
sid_051_09_408.wav,3.0,51,F
sid_051_09_409.wav,3.0,51,F
sid_051_09_410.wav,3.0,51,F
sid_051_09_501.wav,3.0,51,F
sid_051_09_502.wav,3.0,51,F
sid_051_09_503.wav,3.0,51,F
sid_051_09_504.wav,3.0,51,F
sid_051_10_101.wav,8.0,51,F
sid_051_10_301.wav,8.0,51,F
sid_051_10_401.wav,8.0,51,F
sid_051_10_402.wav,8.0,51,F
sid_051_10_403.wav,8.0,51,F
sid_051_10_404.wav,8.0,51,F
sid_051_10_405.wav,8.0,51,F
sid_051_10_406.wav,8.0,51,F
sid_051_10_407.wav,8.0,51,F
sid_051_10_408.wav,8.0,51,F
sid_051_10_409.wav,8.0,51,F
sid_051_10_410.wav,8.0,51,F
sid_051_10_501.wav,8.0,51,F
sid_051_10_502.wav,8.0,51,F
sid_051_10_503.wav,8.0,51,F
sid_051_10_504.wav,8.0,51,F
sid_051_11_101.wav,5.0,51,F
sid_051_11_301.wav,5.0,51,F
sid_051_11_401.wav,5.0,51,F
sid_051_11_402.wav,5.0,51,F
sid_051_11_403.wav,5.0,51,F
sid_051_11_404.wav,5.0,51,F
sid_051_11_405.wav,5.0,51,F
sid_051_11_406.wav,5.0,51,F
sid_051_11_407.wav,5.0,51,F
sid_051_11_408.wav,5.0,51,F
sid_051_11_409.wav,5.0,51,F
sid_051_11_410.wav,5.0,51,F
sid_051_11_501.wav,5.0,51,F
sid_051_11_502.wav,5.0,51,F
sid_051_11_503.wav,5.0,51,F
sid_051_11_504.wav,5.0,51,F
sid_051_12_101.wav,8.0,51,F
sid_051_12_301.wav,8.0,51,F
sid_051_12_401.wav,8.0,51,F
sid_051_12_402.wav,8.0,51,F
sid_051_12_403.wav,8.0,51,F
sid_051_12_404.wav,8.0,51,F
sid_051_12_405.wav,8.0,51,F
sid_051_12_406.wav,8.0,51,F
sid_051_12_407.wav,8.0,51,F
sid_051_12_408.wav,8.0,51,F
sid_051_12_409.wav,8.0,51,F
sid_051_12_410.wav,8.0,51,F
sid_051_12_501.wav,8.0,51,F
sid_051_12_503.wav,8.0,51,F
sid_051_12_504.wav,8.0,51,F
sid_051_13_101.wav,6.0,51,F
sid_051_13_301.wav,6.0,51,F
sid_051_13_401.wav,6.0,51,F
sid_051_13_402.wav,6.0,51,F
sid_051_13_403.wav,6.0,51,F
sid_051_13_404.wav,6.0,51,F
sid_051_13_405.wav,6.0,51,F
sid_051_13_406.wav,6.0,51,F
sid_051_13_407.wav,6.0,51,F
sid_051_13_408.wav,6.0,51,F
sid_051_13_409.wav,6.0,51,F
sid_051_13_410.wav,6.0,51,F
sid_051_13_501.wav,6.0,51,F
sid_051_13_502.wav,6.0,51,F
sid_051_13_503.wav,6.0,51,F
sid_051_13_504.wav,6.0,51,F
sid_051_14_101.wav,4.0,51,F
sid_051_14_301.wav,4.0,51,F
sid_051_14_401.wav,4.0,51,F
sid_051_14_402.wav,4.0,51,F
sid_051_14_403.wav,4.0,51,F
sid_051_14_404.wav,4.0,51,F
sid_051_14_405.wav,4.0,51,F
sid_051_14_406.wav,4.0,51,F
sid_051_14_407.wav,4.0,51,F
sid_051_14_408.wav,4.0,51,F
sid_051_14_409.wav,4.0,51,F
sid_051_14_410.wav,4.0,51,F
sid_051_14_501.wav,4.0,51,F
sid_051_14_502.wav,4.0,51,F
sid_051_14_503.wav,4.0,51,F
sid_051_14_504.wav,4.0,51,F
sid_051_15_101.wav,8.0,51,F
sid_051_15_301.wav,8.0,51,F
sid_051_15_401.wav,8.0,51,F
sid_051_15_402.wav,8.0,51,F
sid_051_15_403.wav,8.0,51,F
sid_051_15_404.wav,8.0,51,F
sid_051_15_405.wav,8.0,51,F
sid_051_15_406.wav,8.0,51,F
sid_051_15_407.wav,8.0,51,F
sid_051_15_408.wav,8.0,51,F
sid_051_15_409.wav,8.0,51,F
sid_051_15_410.wav,8.0,51,F
sid_051_15_501.wav,8.0,51,F
sid_051_15_502.wav,8.0,51,F
sid_051_15_503.wav,8.0,51,F
sid_051_15_504.wav,8.0,51,F
sid_051_16_101.wav,8.0,51,F
sid_051_16_301.wav,8.0,51,F
sid_051_16_401.wav,8.0,51,F
sid_051_16_402.wav,8.0,51,F
sid_051_16_403.wav,8.0,51,F
sid_051_16_404.wav,8.0,51,F
sid_051_16_405.wav,8.0,51,F
sid_051_16_406.wav,8.0,51,F
sid_051_16_407.wav,8.0,51,F
sid_051_16_408.wav,8.0,51,F
sid_051_16_409.wav,8.0,51,F
sid_051_16_410.wav,8.0,51,F
sid_051_16_501.wav,8.0,51,F
sid_051_16_502.wav,8.0,51,F
sid_051_16_503.wav,8.0,51,F
sid_051_16_504.wav,8.0,51,F
sid_051_17_101.wav,7.0,51,F
sid_051_17_301.wav,7.0,51,F
sid_051_17_401.wav,7.0,51,F
sid_051_17_402.wav,7.0,51,F
sid_051_17_403.wav,7.0,51,F
sid_051_17_404.wav,7.0,51,F
sid_051_17_405.wav,7.0,51,F
sid_051_17_406.wav,7.0,51,F
sid_051_17_407.wav,7.0,51,F
sid_051_17_408.wav,7.0,51,F
sid_051_17_409.wav,7.0,51,F
sid_051_17_410.wav,7.0,51,F
sid_051_17_501.wav,7.0,51,F
sid_051_17_502.wav,7.0,51,F
sid_051_17_503.wav,7.0,51,F
sid_051_17_504.wav,7.0,51,F
sid_051_18_101.wav,6.0,51,F
sid_051_18_301.wav,6.0,51,F
sid_051_18_401.wav,6.0,51,F
sid_051_18_402.wav,6.0,51,F
sid_051_18_403.wav,6.0,51,F
sid_051_18_404.wav,6.0,51,F
sid_051_18_405.wav,6.0,51,F
sid_051_18_406.wav,6.0,51,F
sid_051_18_407.wav,6.0,51,F
sid_051_18_408.wav,6.0,51,F
sid_051_18_409.wav,6.0,51,F
sid_051_18_410.wav,6.0,51,F
sid_051_18_501.wav,6.0,51,F
sid_051_18_502.wav,6.0,51,F
sid_051_18_503.wav,6.0,51,F
sid_051_18_504.wav,6.0,51,F
sid_051_19_101.wav,5.0,51,F
sid_051_19_301.wav,5.0,51,F
sid_051_19_401.wav,5.0,51,F
sid_051_19_402.wav,5.0,51,F
sid_051_19_403.wav,5.0,51,F
sid_051_19_404.wav,5.0,51,F
sid_051_19_405.wav,5.0,51,F
sid_051_19_406.wav,5.0,51,F
sid_051_19_407.wav,5.0,51,F
sid_051_19_408.wav,5.0,51,F
sid_051_19_409.wav,5.0,51,F
sid_051_19_410.wav,5.0,51,F
sid_051_19_501.wav,5.0,51,F
sid_051_19_502.wav,5.0,51,F
sid_051_19_503.wav,5.0,51,F
sid_051_19_504.wav,5.0,51,F
sid_051_20_101.wav,9.0,51,F
sid_051_20_301.wav,9.0,51,F
sid_051_20_401.wav,9.0,51,F
sid_051_20_402.wav,9.0,51,F
sid_051_20_403.wav,9.0,51,F
sid_051_20_404.wav,9.0,51,F
sid_051_20_405.wav,9.0,51,F
sid_051_20_406.wav,9.0,51,F
sid_051_20_407.wav,9.0,51,F
sid_051_20_408.wav,9.0,51,F
sid_051_20_409.wav,9.0,51,F
sid_051_20_410.wav,9.0,51,F
sid_051_20_501.wav,9.0,51,F
sid_051_20_502.wav,9.0,51,F
sid_051_20_503.wav,9.0,51,F
sid_051_20_504.wav,9.0,51,F
sid_051_21_101.wav,7.0,51,F
sid_051_21_301.wav,7.0,51,F
sid_051_21_401.wav,7.0,51,F
sid_051_21_402.wav,7.0,51,F
sid_051_21_403.wav,7.0,51,F
sid_051_21_404.wav,7.0,51,F
sid_051_21_405.wav,7.0,51,F
sid_051_21_406.wav,7.0,51,F
sid_051_21_407.wav,7.0,51,F
sid_051_21_408.wav,7.0,51,F
sid_051_21_409.wav,7.0,51,F
sid_051_21_410.wav,7.0,51,F
sid_051_21_501.wav,7.0,51,F
sid_051_21_502.wav,7.0,51,F
sid_051_21_503.wav,7.0,51,F
sid_051_21_504.wav,7.0,51,F
sid_051_22_101.wav,8.0,51,F
sid_051_22_301.wav,8.0,51,F
sid_051_22_401.wav,8.0,51,F
sid_051_22_402.wav,8.0,51,F
sid_051_22_403.wav,8.0,51,F
sid_051_22_404.wav,8.0,51,F
sid_051_22_405.wav,8.0,51,F
sid_051_22_406.wav,8.0,51,F
sid_051_22_407.wav,8.0,51,F
sid_051_22_408.wav,8.0,51,F
sid_051_22_409.wav,8.0,51,F
sid_051_22_410.wav,8.0,51,F
sid_051_22_501.wav,8.0,51,F
sid_051_22_502.wav,8.0,51,F
sid_051_22_503.wav,8.0,51,F
sid_051_22_504.wav,8.0,51,F
sid_051_23_101.wav,4.0,51,F
sid_051_23_301.wav,4.0,51,F
sid_051_23_401.wav,4.0,51,F
sid_051_23_402.wav,4.0,51,F
sid_051_23_403.wav,4.0,51,F
sid_051_23_404.wav,4.0,51,F
sid_051_23_405.wav,4.0,51,F
sid_051_23_406.wav,4.0,51,F
sid_051_23_407.wav,4.0,51,F
sid_051_23_408.wav,4.0,51,F
sid_051_23_409.wav,4.0,51,F
sid_051_23_410.wav,4.0,51,F
sid_051_23_501.wav,4.0,51,F
sid_051_23_502.wav,4.0,51,F
sid_051_23_503.wav,4.0,51,F
sid_051_23_504.wav,4.0,51,F
sid_051_24_101.wav,8.0,51,F
sid_051_24_301.wav,8.0,51,F
sid_051_24_401.wav,8.0,51,F
sid_051_24_402.wav,8.0,51,F
sid_051_24_403.wav,8.0,51,F
sid_051_24_404.wav,8.0,51,F
sid_051_24_405.wav,8.0,51,F
sid_051_24_406.wav,8.0,51,F
sid_051_24_407.wav,8.0,51,F
sid_051_24_408.wav,8.0,51,F
sid_051_24_409.wav,8.0,51,F
sid_051_24_410.wav,8.0,51,F
sid_051_24_501.wav,8.0,51,F
sid_051_24_502.wav,8.0,51,F
sid_051_24_503.wav,8.0,51,F
sid_051_24_504.wav,8.0,51,F
sid_051_25_101.wav,6.0,51,F
sid_051_25_301.wav,6.0,51,F
sid_051_25_401.wav,6.0,51,F
sid_051_25_402.wav,6.0,51,F
sid_051_25_403.wav,6.0,51,F
sid_051_25_404.wav,6.0,51,F
sid_051_25_405.wav,6.0,51,F
sid_051_25_406.wav,6.0,51,F
sid_051_25_407.wav,6.0,51,F
sid_051_25_408.wav,6.0,51,F
sid_051_25_409.wav,6.0,51,F
sid_051_25_410.wav,6.0,51,F
sid_051_25_501.wav,6.0,51,F
sid_051_25_502.wav,6.0,51,F
sid_051_25_503.wav,6.0,51,F
sid_051_25_504.wav,6.0,51,F
sid_051_26_101.wav,8.0,51,F
sid_051_26_301.wav,8.0,51,F
sid_051_26_401.wav,8.0,51,F
sid_051_26_402.wav,8.0,51,F
sid_051_26_403.wav,8.0,51,F
sid_051_26_404.wav,8.0,51,F
sid_051_26_405.wav,8.0,51,F
sid_051_26_406.wav,8.0,51,F
sid_051_26_407.wav,8.0,51,F
sid_051_26_408.wav,8.0,51,F
sid_051_26_409.wav,8.0,51,F
sid_051_26_410.wav,8.0,51,F
sid_051_26_501.wav,8.0,51,F
sid_051_26_502.wav,8.0,51,F
sid_051_26_503.wav,8.0,51,F
sid_051_26_504.wav,8.0,51,F
sid_051_27_101.wav,6.0,51,F
sid_051_27_301.wav,6.0,51,F
sid_051_27_401.wav,6.0,51,F
sid_051_27_402.wav,6.0,51,F
sid_051_27_403.wav,6.0,51,F
sid_051_27_404.wav,6.0,51,F
sid_051_27_405.wav,6.0,51,F
sid_051_27_406.wav,6.0,51,F
sid_051_27_407.wav,6.0,51,F
sid_051_27_408.wav,6.0,51,F
sid_051_27_409.wav,6.0,51,F
sid_051_27_410.wav,6.0,51,F
sid_051_27_501.wav,6.0,51,F
sid_051_27_502.wav,6.0,51,F
sid_051_27_503.wav,6.0,51,F
sid_051_27_504.wav,6.0,51,F
sid_051_28_101.wav,9.0,51,F
sid_051_28_301.wav,9.0,51,F
sid_051_28_401.wav,9.0,51,F
sid_051_28_402.wav,9.0,51,F
sid_051_28_403.wav,9.0,51,F
sid_051_28_405.wav,9.0,51,F
sid_051_28_406.wav,9.0,51,F
sid_051_28_407.wav,9.0,51,F
sid_051_28_408.wav,9.0,51,F
sid_051_28_409.wav,9.0,51,F
sid_051_28_410.wav,9.0,51,F
sid_051_28_501.wav,9.0,51,F
sid_051_28_502.wav,9.0,51,F
sid_051_28_503.wav,9.0,51,F
sid_051_28_504.wav,9.0,51,F
sid_053_01_101.wav,3.0,53,F
sid_053_01_301.wav,3.0,53,F
sid_053_01_401.wav,3.0,53,F
sid_053_01_402.wav,3.0,53,F
sid_053_01_403.wav,3.0,53,F
sid_053_01_404.wav,3.0,53,F
sid_053_01_405.wav,3.0,53,F
sid_053_01_406.wav,3.0,53,F
sid_053_01_407.wav,3.0,53,F
sid_053_01_408.wav,3.0,53,F
sid_053_01_409.wav,3.0,53,F
sid_053_01_410.wav,3.0,53,F
sid_053_01_501.wav,3.0,53,F
sid_053_01_502.wav,3.0,53,F
sid_053_01_503.wav,3.0,53,F
sid_053_01_504.wav,3.0,53,F
sid_053_02_101.wav,6.0,53,F
sid_053_02_301.wav,6.0,53,F
sid_053_02_401.wav,6.0,53,F
sid_053_02_402.wav,6.0,53,F
sid_053_02_403.wav,6.0,53,F
sid_053_02_404.wav,6.0,53,F
sid_053_02_405.wav,6.0,53,F
sid_053_02_406.wav,6.0,53,F
sid_053_02_407.wav,6.0,53,F
sid_053_02_408.wav,6.0,53,F
sid_053_02_409.wav,6.0,53,F
sid_053_02_410.wav,6.0,53,F
sid_053_02_501.wav,6.0,53,F
sid_053_02_502.wav,6.0,53,F
sid_053_02_503.wav,6.0,53,F
sid_053_02_504.wav,6.0,53,F
sid_053_03_101.wav,3.0,53,F
sid_053_03_301.wav,3.0,53,F
sid_053_03_401.wav,3.0,53,F
sid_053_03_402.wav,3.0,53,F
sid_053_03_403.wav,3.0,53,F
sid_053_03_404.wav,3.0,53,F
sid_053_03_405.wav,3.0,53,F
sid_053_03_406.wav,3.0,53,F
sid_053_03_407.wav,3.0,53,F
sid_053_03_408.wav,3.0,53,F
sid_053_03_409.wav,3.0,53,F
sid_053_03_410.wav,3.0,53,F
sid_053_03_501.wav,3.0,53,F
sid_053_03_502.wav,3.0,53,F
sid_053_03_503.wav,3.0,53,F
sid_053_03_504.wav,3.0,53,F
sid_053_04_101.wav,8.0,53,F
sid_053_04_301.wav,8.0,53,F
sid_053_04_401.wav,8.0,53,F
sid_053_04_402.wav,8.0,53,F
sid_053_04_403.wav,8.0,53,F
sid_053_04_404.wav,8.0,53,F
sid_053_04_405.wav,8.0,53,F
sid_053_04_406.wav,8.0,53,F
sid_053_04_407.wav,8.0,53,F
sid_053_04_408.wav,8.0,53,F
sid_053_04_409.wav,8.0,53,F
sid_053_04_410.wav,8.0,53,F
sid_053_04_501.wav,8.0,53,F
sid_053_04_502.wav,8.0,53,F
sid_053_04_503.wav,8.0,53,F
sid_053_04_504.wav,8.0,53,F
sid_053_05_101.wav,8.0,53,F
sid_053_05_301.wav,8.0,53,F
sid_053_05_401.wav,8.0,53,F
sid_053_05_402.wav,8.0,53,F
sid_053_05_403.wav,8.0,53,F
sid_053_05_404.wav,8.0,53,F
sid_053_05_405.wav,8.0,53,F
sid_053_05_406.wav,8.0,53,F
sid_053_05_407.wav,8.0,53,F
sid_053_05_408.wav,8.0,53,F
sid_053_05_409.wav,8.0,53,F
sid_053_05_410.wav,8.0,53,F
sid_053_05_501.wav,8.0,53,F
sid_053_05_502.wav,8.0,53,F
sid_053_05_503.wav,8.0,53,F
sid_053_05_504.wav,8.0,53,F
sid_053_06_101.wav,8.0,53,F
sid_053_06_301.wav,8.0,53,F
sid_053_06_401.wav,8.0,53,F
sid_053_06_402.wav,8.0,53,F
sid_053_06_403.wav,8.0,53,F
sid_053_06_404.wav,8.0,53,F
sid_053_06_405.wav,8.0,53,F
sid_053_06_406.wav,8.0,53,F
sid_053_06_407.wav,8.0,53,F
sid_053_06_408.wav,8.0,53,F
sid_053_06_409.wav,8.0,53,F
sid_053_06_410.wav,8.0,53,F
sid_053_06_501.wav,8.0,53,F
sid_053_06_502.wav,8.0,53,F
sid_053_06_503.wav,8.0,53,F
sid_053_06_504.wav,8.0,53,F
sid_053_07_101.wav,8.0,53,F
sid_053_07_301.wav,8.0,53,F
sid_053_07_401.wav,8.0,53,F
sid_053_07_402.wav,8.0,53,F
sid_053_07_403.wav,8.0,53,F
sid_053_07_404.wav,8.0,53,F
sid_053_07_405.wav,8.0,53,F
sid_053_07_406.wav,8.0,53,F
sid_053_07_407.wav,8.0,53,F
sid_053_07_408.wav,8.0,53,F
sid_053_07_409.wav,8.0,53,F
sid_053_07_410.wav,8.0,53,F
sid_053_07_501.wav,8.0,53,F
sid_053_07_502.wav,8.0,53,F
sid_053_07_503.wav,8.0,53,F
sid_053_07_504.wav,8.0,53,F
sid_053_08_101.wav,9.0,53,F
sid_053_08_301.wav,9.0,53,F
sid_053_08_401.wav,9.0,53,F
sid_053_08_402.wav,9.0,53,F
sid_053_08_403.wav,9.0,53,F
sid_053_08_404.wav,9.0,53,F
sid_053_08_405.wav,9.0,53,F
sid_053_08_406.wav,9.0,53,F
sid_053_08_407.wav,9.0,53,F
sid_053_08_408.wav,9.0,53,F
sid_053_08_409.wav,9.0,53,F
sid_053_08_410.wav,9.0,53,F
sid_053_08_501.wav,9.0,53,F
sid_053_08_502.wav,9.0,53,F
sid_053_08_503.wav,9.0,53,F
sid_053_08_504.wav,9.0,53,F
sid_053_09_101.wav,4.0,53,F
sid_053_09_301.wav,4.0,53,F
sid_053_09_401.wav,4.0,53,F
sid_053_09_402.wav,4.0,53,F
sid_053_09_403.wav,4.0,53,F
sid_053_09_404.wav,4.0,53,F
sid_053_09_405.wav,4.0,53,F
sid_053_09_406.wav,4.0,53,F
sid_053_09_407.wav,4.0,53,F
sid_053_09_408.wav,4.0,53,F
sid_053_09_409.wav,4.0,53,F
sid_053_09_410.wav,4.0,53,F
sid_053_09_501.wav,4.0,53,F
sid_053_09_502.wav,4.0,53,F
sid_053_09_503.wav,4.0,53,F
sid_053_09_504.wav,4.0,53,F
sid_053_10_101.wav,5.0,53,F
sid_053_10_301.wav,5.0,53,F
sid_053_10_401.wav,5.0,53,F
sid_053_10_402.wav,5.0,53,F
sid_053_10_403.wav,5.0,53,F
sid_053_10_404.wav,5.0,53,F
sid_053_10_405.wav,5.0,53,F
sid_053_10_406.wav,5.0,53,F
sid_053_10_407.wav,5.0,53,F
sid_053_10_408.wav,5.0,53,F
sid_053_10_409.wav,5.0,53,F
sid_053_10_410.wav,5.0,53,F
sid_053_10_501.wav,5.0,53,F
sid_053_10_502.wav,5.0,53,F
sid_053_10_503.wav,5.0,53,F
sid_053_10_504.wav,5.0,53,F
sid_053_11_101.wav,2.0,53,F
sid_053_11_301.wav,2.0,53,F
sid_053_11_401.wav,2.0,53,F
sid_053_11_402.wav,2.0,53,F
sid_053_11_403.wav,2.0,53,F
sid_053_11_404.wav,2.0,53,F
sid_053_11_405.wav,2.0,53,F
sid_053_11_406.wav,2.0,53,F
sid_053_11_407.wav,2.0,53,F
sid_053_11_408.wav,2.0,53,F
sid_053_11_409.wav,2.0,53,F
sid_053_11_410.wav,2.0,53,F
sid_053_11_501.wav,2.0,53,F
sid_053_11_502.wav,2.0,53,F
sid_053_11_503.wav,2.0,53,F
sid_053_11_504.wav,2.0,53,F
sid_053_12_101.wav,8.0,53,F
sid_053_12_301.wav,8.0,53,F
sid_053_12_401.wav,8.0,53,F
sid_053_12_402.wav,8.0,53,F
sid_053_12_403.wav,8.0,53,F
sid_053_12_404.wav,8.0,53,F
sid_053_12_405.wav,8.0,53,F
sid_053_12_406.wav,8.0,53,F
sid_053_12_407.wav,8.0,53,F
sid_053_12_408.wav,8.0,53,F
sid_053_12_409.wav,8.0,53,F
sid_053_12_410.wav,8.0,53,F
sid_053_12_501.wav,8.0,53,F
sid_053_12_502.wav,8.0,53,F
sid_053_12_503.wav,8.0,53,F
sid_053_12_504.wav,8.0,53,F
sid_053_13_101.wav,8.0,53,F
sid_053_13_301.wav,8.0,53,F
sid_053_13_401.wav,8.0,53,F
sid_053_13_402.wav,8.0,53,F
sid_053_13_403.wav,8.0,53,F
sid_053_13_404.wav,8.0,53,F
sid_053_13_405.wav,8.0,53,F
sid_053_13_406.wav,8.0,53,F
sid_053_13_407.wav,8.0,53,F
sid_053_13_408.wav,8.0,53,F
sid_053_13_409.wav,8.0,53,F
sid_053_13_410.wav,8.0,53,F
sid_053_13_501.wav,8.0,53,F
sid_053_13_502.wav,8.0,53,F
sid_053_13_503.wav,8.0,53,F
sid_053_13_504.wav,8.0,53,F
sid_053_14_101.wav,9.0,53,F
sid_053_14_301.wav,9.0,53,F
sid_053_14_401.wav,9.0,53,F
sid_053_14_402.wav,9.0,53,F
sid_053_14_403.wav,9.0,53,F
sid_053_14_404.wav,9.0,53,F
sid_053_14_405.wav,9.0,53,F
sid_053_14_406.wav,9.0,53,F
sid_053_14_407.wav,9.0,53,F
sid_053_14_408.wav,9.0,53,F
sid_053_14_409.wav,9.0,53,F
sid_053_14_410.wav,9.0,53,F
sid_053_14_501.wav,9.0,53,F
sid_053_14_502.wav,9.0,53,F
sid_053_14_503.wav,9.0,53,F
sid_053_14_504.wav,9.0,53,F
sid_053_15_101.wav,9.0,53,F
sid_053_15_301.wav,9.0,53,F
sid_053_15_401.wav,9.0,53,F
sid_053_15_402.wav,9.0,53,F
sid_053_15_403.wav,9.0,53,F
sid_053_15_404.wav,9.0,53,F
sid_053_15_405.wav,9.0,53,F
sid_053_15_406.wav,9.0,53,F
sid_053_15_407.wav,9.0,53,F
sid_053_15_408.wav,9.0,53,F
sid_053_15_409.wav,9.0,53,F
sid_053_15_410.wav,9.0,53,F
sid_053_15_501.wav,9.0,53,F
sid_053_15_502.wav,9.0,53,F
sid_053_15_503.wav,9.0,53,F
sid_053_15_504.wav,9.0,53,F
sid_053_16_101.wav,9.0,53,F
sid_053_16_301.wav,9.0,53,F
sid_053_16_401.wav,9.0,53,F
sid_053_16_402.wav,9.0,53,F
sid_053_16_403.wav,9.0,53,F
sid_053_16_404.wav,9.0,53,F
sid_053_16_405.wav,9.0,53,F
sid_053_16_406.wav,9.0,53,F
sid_053_16_407.wav,9.0,53,F
sid_053_16_408.wav,9.0,53,F
sid_053_16_409.wav,9.0,53,F
sid_053_16_410.wav,9.0,53,F
sid_053_16_501.wav,9.0,53,F
sid_053_16_502.wav,9.0,53,F
sid_053_16_503.wav,9.0,53,F
sid_053_16_504.wav,9.0,53,F
sid_053_17_101.wav,4.0,53,F
sid_053_17_301.wav,4.0,53,F
sid_053_17_401.wav,4.0,53,F
sid_053_17_402.wav,4.0,53,F
sid_053_17_403.wav,4.0,53,F
sid_053_17_404.wav,4.0,53,F
sid_053_17_405.wav,4.0,53,F
sid_053_17_406.wav,4.0,53,F
sid_053_17_407.wav,4.0,53,F
sid_053_17_408.wav,4.0,53,F
sid_053_17_409.wav,4.0,53,F
sid_053_17_410.wav,4.0,53,F
sid_053_17_501.wav,4.0,53,F
sid_053_17_502.wav,4.0,53,F
sid_053_17_503.wav,4.0,53,F
sid_053_17_504.wav,4.0,53,F
sid_053_18_101.wav,5.0,53,F
sid_053_18_301.wav,5.0,53,F
sid_053_18_401.wav,5.0,53,F
sid_053_18_402.wav,5.0,53,F
sid_053_18_403.wav,5.0,53,F
sid_053_18_404.wav,5.0,53,F
sid_053_18_405.wav,5.0,53,F
sid_053_18_406.wav,5.0,53,F
sid_053_18_407.wav,5.0,53,F
sid_053_18_408.wav,5.0,53,F
sid_053_18_409.wav,5.0,53,F
sid_053_18_410.wav,5.0,53,F
sid_053_18_501.wav,5.0,53,F
sid_053_18_502.wav,5.0,53,F
sid_053_18_503.wav,5.0,53,F
sid_053_18_504.wav,5.0,53,F
sid_053_19_101.wav,2.0,53,F
sid_053_19_301.wav,2.0,53,F
sid_053_19_401.wav,2.0,53,F
sid_053_19_402.wav,2.0,53,F
sid_053_19_403.wav,2.0,53,F
sid_053_19_404.wav,2.0,53,F
sid_053_19_405.wav,2.0,53,F
sid_053_19_406.wav,2.0,53,F
sid_053_19_407.wav,2.0,53,F
sid_053_19_408.wav,2.0,53,F
sid_053_19_409.wav,2.0,53,F
sid_053_19_410.wav,2.0,53,F
sid_053_19_501.wav,2.0,53,F
sid_053_19_502.wav,2.0,53,F
sid_053_19_503.wav,2.0,53,F
sid_053_19_504.wav,2.0,53,F
sid_053_20_101.wav,8.0,53,F
sid_053_20_301.wav,8.0,53,F
sid_053_20_401.wav,8.0,53,F
sid_053_20_402.wav,8.0,53,F
sid_053_20_403.wav,8.0,53,F
sid_053_20_404.wav,8.0,53,F
sid_053_20_405.wav,8.0,53,F
sid_053_20_406.wav,8.0,53,F
sid_053_20_407.wav,8.0,53,F
sid_053_20_408.wav,8.0,53,F
sid_053_20_409.wav,8.0,53,F
sid_053_20_410.wav,8.0,53,F
sid_053_20_501.wav,8.0,53,F
sid_053_20_502.wav,8.0,53,F
sid_053_20_503.wav,8.0,53,F
sid_053_20_504.wav,8.0,53,F
sid_053_21_101.wav,8.0,53,F
sid_053_21_301.wav,8.0,53,F
sid_053_21_401.wav,8.0,53,F
sid_053_21_402.wav,8.0,53,F
sid_053_21_403.wav,8.0,53,F
sid_053_21_404.wav,8.0,53,F
sid_053_21_405.wav,8.0,53,F
sid_053_21_406.wav,8.0,53,F
sid_053_21_407.wav,8.0,53,F
sid_053_21_408.wav,8.0,53,F
sid_053_21_409.wav,8.0,53,F
sid_053_21_410.wav,8.0,53,F
sid_053_21_501.wav,8.0,53,F
sid_053_21_502.wav,8.0,53,F
sid_053_21_503.wav,8.0,53,F
sid_053_21_504.wav,8.0,53,F
sid_053_22_101.wav,8.0,53,F
sid_053_22_301.wav,8.0,53,F
sid_053_22_401.wav,8.0,53,F
sid_053_22_402.wav,8.0,53,F
sid_053_22_403.wav,8.0,53,F
sid_053_22_404.wav,8.0,53,F
sid_053_22_405.wav,8.0,53,F
sid_053_22_406.wav,8.0,53,F
sid_053_22_407.wav,8.0,53,F
sid_053_22_408.wav,8.0,53,F
sid_053_22_409.wav,8.0,53,F
sid_053_22_410.wav,8.0,53,F
sid_053_22_501.wav,8.0,53,F
sid_053_22_502.wav,8.0,53,F
sid_053_22_503.wav,8.0,53,F
sid_053_22_504.wav,8.0,53,F
sid_053_23_101.wav,8.0,53,F
sid_053_23_301.wav,8.0,53,F
sid_053_23_401.wav,8.0,53,F
sid_053_23_402.wav,8.0,53,F
sid_053_23_403.wav,8.0,53,F
sid_053_23_404.wav,8.0,53,F
sid_053_23_405.wav,8.0,53,F
sid_053_23_406.wav,8.0,53,F
sid_053_23_407.wav,8.0,53,F
sid_053_23_408.wav,8.0,53,F
sid_053_23_409.wav,8.0,53,F
sid_053_23_410.wav,8.0,53,F
sid_053_23_501.wav,8.0,53,F
sid_053_23_502.wav,8.0,53,F
sid_053_23_503.wav,8.0,53,F
sid_053_23_504.wav,8.0,53,F
sid_053_24_101.wav,8.0,53,F
sid_053_24_301.wav,8.0,53,F
sid_053_24_401.wav,8.0,53,F
sid_053_24_402.wav,8.0,53,F
sid_053_24_403.wav,8.0,53,F
sid_053_24_404.wav,8.0,53,F
sid_053_24_405.wav,8.0,53,F
sid_053_24_406.wav,8.0,53,F
sid_053_24_407.wav,8.0,53,F
sid_053_24_408.wav,8.0,53,F
sid_053_24_409.wav,8.0,53,F
sid_053_24_410.wav,8.0,53,F
sid_053_24_501.wav,8.0,53,F
sid_053_24_502.wav,8.0,53,F
sid_053_24_503.wav,8.0,53,F
sid_053_24_504.wav,8.0,53,F
sid_053_25_101.wav,6.0,53,F
sid_053_25_401.wav,6.0,53,F
sid_053_25_402.wav,6.0,53,F
sid_053_25_403.wav,6.0,53,F
sid_053_25_404.wav,6.0,53,F
sid_053_25_405.wav,6.0,53,F
sid_053_25_406.wav,6.0,53,F
sid_053_25_407.wav,6.0,53,F
sid_053_25_408.wav,6.0,53,F
sid_053_25_409.wav,6.0,53,F
sid_053_25_410.wav,6.0,53,F
sid_053_25_501.wav,6.0,53,F
sid_053_25_502.wav,6.0,53,F
sid_053_25_503.wav,6.0,53,F
sid_053_25_504.wav,6.0,53,F
sid_053_26_101.wav,5.0,53,F
sid_053_26_301.wav,5.0,53,F
sid_053_26_401.wav,5.0,53,F
sid_053_26_402.wav,5.0,53,F
sid_053_26_403.wav,5.0,53,F
sid_053_26_404.wav,5.0,53,F
sid_053_26_405.wav,5.0,53,F
sid_053_26_406.wav,5.0,53,F
sid_053_26_407.wav,5.0,53,F
sid_053_26_408.wav,5.0,53,F
sid_053_26_409.wav,5.0,53,F
sid_053_26_410.wav,5.0,53,F
sid_053_26_501.wav,5.0,53,F
sid_053_26_502.wav,5.0,53,F
sid_053_26_503.wav,5.0,53,F
sid_053_26_504.wav,5.0,53,F
sid_053_27_101.wav,2.0,53,F
sid_053_27_301.wav,2.0,53,F
sid_053_27_401.wav,2.0,53,F
sid_053_27_402.wav,2.0,53,F
sid_053_27_403.wav,2.0,53,F
sid_053_27_404.wav,2.0,53,F
sid_053_27_405.wav,2.0,53,F
sid_053_27_406.wav,2.0,53,F
sid_053_27_407.wav,2.0,53,F
sid_053_27_408.wav,2.0,53,F
sid_053_27_409.wav,2.0,53,F
sid_053_27_410.wav,2.0,53,F
sid_053_27_501.wav,2.0,53,F
sid_053_27_502.wav,2.0,53,F
sid_053_27_503.wav,2.0,53,F
sid_053_27_504.wav,2.0,53,F
sid_053_28_101.wav,8.0,53,F
sid_053_28_301.wav,8.0,53,F
sid_053_28_401.wav,8.0,53,F
sid_053_28_402.wav,8.0,53,F
sid_053_28_403.wav,8.0,53,F
sid_053_28_404.wav,8.0,53,F
sid_053_28_405.wav,8.0,53,F
sid_053_28_406.wav,8.0,53,F
sid_053_28_407.wav,8.0,53,F
sid_053_28_408.wav,8.0,53,F
sid_053_28_409.wav,8.0,53,F
sid_053_28_410.wav,8.0,53,F
sid_053_28_501.wav,8.0,53,F
sid_053_28_502.wav,8.0,53,F
sid_053_28_503.wav,8.0,53,F
sid_053_28_504.wav,8.0,53,F
sid_053_29_101.wav,8.0,53,F
sid_053_29_301.wav,8.0,53,F
sid_053_29_401.wav,8.0,53,F
sid_053_29_402.wav,8.0,53,F
sid_053_29_403.wav,8.0,53,F
sid_053_29_404.wav,8.0,53,F
sid_053_29_405.wav,8.0,53,F
sid_053_29_406.wav,8.0,53,F
sid_053_29_407.wav,8.0,53,F
sid_053_29_408.wav,8.0,53,F
sid_053_29_409.wav,8.0,53,F
sid_053_29_410.wav,8.0,53,F
sid_053_29_501.wav,8.0,53,F
sid_053_29_502.wav,8.0,53,F
sid_053_29_503.wav,8.0,53,F
sid_053_29_504.wav,8.0,53,F
sid_053_30_101.wav,8.0,53,F
sid_053_30_301.wav,8.0,53,F
sid_053_30_401.wav,8.0,53,F
sid_053_30_402.wav,8.0,53,F
sid_053_30_403.wav,8.0,53,F
sid_053_30_404.wav,8.0,53,F
sid_053_30_405.wav,8.0,53,F
sid_053_30_406.wav,8.0,53,F
sid_053_30_407.wav,8.0,53,F
sid_053_30_408.wav,8.0,53,F
sid_053_30_409.wav,8.0,53,F
sid_053_30_410.wav,8.0,53,F
sid_053_30_501.wav,8.0,53,F
sid_053_30_502.wav,8.0,53,F
sid_053_30_503.wav,8.0,53,F
sid_053_30_504.wav,8.0,53,F
sid_053_31_101.wav,8.0,53,F
sid_053_31_301.wav,8.0,53,F
sid_053_31_401.wav,8.0,53,F
sid_053_31_402.wav,8.0,53,F
sid_053_31_403.wav,8.0,53,F
sid_053_31_404.wav,8.0,53,F
sid_053_31_405.wav,8.0,53,F
sid_053_31_406.wav,8.0,53,F
sid_053_31_407.wav,8.0,53,F
sid_053_31_408.wav,8.0,53,F
sid_053_31_409.wav,8.0,53,F
sid_053_31_410.wav,8.0,53,F
sid_053_31_501.wav,8.0,53,F
sid_053_31_502.wav,8.0,53,F
sid_053_31_503.wav,8.0,53,F
sid_053_31_504.wav,8.0,53,F
sid_053_32_101.wav,8.0,53,F
sid_053_32_301.wav,8.0,53,F
sid_053_32_401.wav,8.0,53,F
sid_053_32_402.wav,8.0,53,F
sid_053_32_403.wav,8.0,53,F
sid_053_32_404.wav,8.0,53,F
sid_053_32_405.wav,8.0,53,F
sid_053_32_406.wav,8.0,53,F
sid_053_32_407.wav,8.0,53,F
sid_053_32_408.wav,8.0,53,F
sid_053_32_409.wav,8.0,53,F
sid_053_32_410.wav,8.0,53,F
sid_053_32_501.wav,8.0,53,F
sid_053_32_502.wav,8.0,53,F
sid_053_32_503.wav,8.0,53,F
sid_053_32_504.wav,8.0,53,F
sid_053_33_101.wav,2.0,53,F
sid_053_33_301.wav,2.0,53,F
sid_053_33_401.wav,2.0,53,F
sid_053_33_402.wav,2.0,53,F
sid_053_33_403.wav,2.0,53,F
sid_053_33_404.wav,2.0,53,F
sid_053_33_405.wav,2.0,53,F
sid_053_33_406.wav,2.0,53,F
sid_053_33_407.wav,2.0,53,F
sid_053_33_408.wav,2.0,53,F
sid_053_33_409.wav,2.0,53,F
sid_053_33_410.wav,2.0,53,F
sid_053_33_501.wav,2.0,53,F
sid_053_33_502.wav,2.0,53,F
sid_053_33_503.wav,2.0,53,F
sid_053_33_504.wav,2.0,53,F
sid_053_34_101.wav,5.0,53,F
sid_053_34_301.wav,5.0,53,F
sid_053_34_401.wav,5.0,53,F
sid_053_34_402.wav,5.0,53,F
sid_053_34_403.wav,5.0,53,F
sid_053_34_404.wav,5.0,53,F
sid_053_34_405.wav,5.0,53,F
sid_053_34_406.wav,5.0,53,F
sid_053_34_407.wav,5.0,53,F
sid_053_34_408.wav,5.0,53,F
sid_053_34_409.wav,5.0,53,F
sid_053_34_410.wav,5.0,53,F
sid_053_34_501.wav,5.0,53,F
sid_053_34_502.wav,5.0,53,F
sid_053_34_503.wav,5.0,53,F
sid_053_34_504.wav,5.0,53,F
sid_053_35_101.wav,2.0,53,F
sid_053_35_301.wav,2.0,53,F
sid_053_35_401.wav,2.0,53,F
sid_053_35_402.wav,2.0,53,F
sid_053_35_403.wav,2.0,53,F
sid_053_35_404.wav,2.0,53,F
sid_053_35_405.wav,2.0,53,F
sid_053_35_406.wav,2.0,53,F
sid_053_35_407.wav,2.0,53,F
sid_053_35_408.wav,2.0,53,F
sid_053_35_409.wav,2.0,53,F
sid_053_35_410.wav,2.0,53,F
sid_053_35_501.wav,2.0,53,F
sid_053_35_502.wav,2.0,53,F
sid_053_35_503.wav,2.0,53,F
sid_053_35_504.wav,2.0,53,F
sid_053_36_101.wav,8.0,53,F
sid_053_36_301.wav,8.0,53,F
sid_053_36_401.wav,8.0,53,F
sid_053_36_402.wav,8.0,53,F
sid_053_36_403.wav,8.0,53,F
sid_053_36_404.wav,8.0,53,F
sid_053_36_405.wav,8.0,53,F
sid_053_36_406.wav,8.0,53,F
sid_053_36_407.wav,8.0,53,F
sid_053_36_408.wav,8.0,53,F
sid_053_36_409.wav,8.0,53,F
sid_053_36_410.wav,8.0,53,F
sid_053_36_501.wav,8.0,53,F
sid_053_36_502.wav,8.0,53,F
sid_053_36_503.wav,8.0,53,F
sid_053_36_504.wav,8.0,53,F
sid_053_37_101.wav,8.0,53,F
sid_053_37_301.wav,8.0,53,F
sid_053_37_401.wav,8.0,53,F
sid_053_37_402.wav,8.0,53,F
sid_053_37_403.wav,8.0,53,F
sid_053_37_404.wav,8.0,53,F
sid_053_37_405.wav,8.0,53,F
sid_053_37_406.wav,8.0,53,F
sid_053_37_407.wav,8.0,53,F
sid_053_37_408.wav,8.0,53,F
sid_053_37_409.wav,8.0,53,F
sid_053_37_410.wav,8.0,53,F
sid_053_37_501.wav,8.0,53,F
sid_053_37_502.wav,8.0,53,F
sid_053_37_503.wav,8.0,53,F
sid_053_37_504.wav,8.0,53,F
sid_053_38_101.wav,8.0,53,F
sid_053_38_301.wav,8.0,53,F
sid_053_38_401.wav,8.0,53,F
sid_053_38_402.wav,8.0,53,F
sid_053_38_403.wav,8.0,53,F
sid_053_38_404.wav,8.0,53,F
sid_053_38_405.wav,8.0,53,F
sid_053_38_406.wav,8.0,53,F
sid_053_38_407.wav,8.0,53,F
sid_053_38_408.wav,8.0,53,F
sid_053_38_409.wav,8.0,53,F
sid_053_38_410.wav,8.0,53,F
sid_053_38_501.wav,8.0,53,F
sid_053_38_502.wav,8.0,53,F
sid_053_38_503.wav,8.0,53,F
sid_053_38_504.wav,8.0,53,F
sid_053_39_101.wav,8.0,53,F
sid_053_39_301.wav,8.0,53,F
sid_053_39_401.wav,8.0,53,F
sid_053_39_402.wav,8.0,53,F
sid_053_39_403.wav,8.0,53,F
sid_053_39_404.wav,8.0,53,F
sid_053_39_405.wav,8.0,53,F
sid_053_39_406.wav,8.0,53,F
sid_053_39_407.wav,8.0,53,F
sid_053_39_409.wav,8.0,53,F
sid_053_39_410.wav,8.0,53,F
sid_053_39_502.wav,8.0,53,F
sid_053_39_503.wav,8.0,53,F
sid_053_39_504.wav,8.0,53,F
sid_053_40_101.wav,9.0,53,F
sid_053_40_301.wav,9.0,53,F
sid_053_40_401.wav,9.0,53,F
sid_053_40_402.wav,9.0,53,F
sid_053_40_403.wav,9.0,53,F
sid_053_40_404.wav,9.0,53,F
sid_053_40_405.wav,9.0,53,F
sid_053_40_406.wav,9.0,53,F
sid_053_40_407.wav,9.0,53,F
sid_053_40_408.wav,9.0,53,F
sid_053_40_409.wav,9.0,53,F
sid_053_40_410.wav,9.0,53,F
sid_053_40_501.wav,9.0,53,F
sid_053_40_502.wav,9.0,53,F
sid_053_40_503.wav,9.0,53,F
sid_053_40_504.wav,9.0,53,F
sid_053_41_101.wav,4.0,53,F
sid_053_41_301.wav,4.0,53,F
sid_053_41_401.wav,4.0,53,F
sid_053_41_402.wav,4.0,53,F
sid_053_41_403.wav,4.0,53,F
sid_053_41_404.wav,4.0,53,F
sid_053_41_405.wav,4.0,53,F
sid_053_41_406.wav,4.0,53,F
sid_053_41_407.wav,4.0,53,F
sid_053_41_408.wav,4.0,53,F
sid_053_41_409.wav,4.0,53,F
sid_053_41_410.wav,4.0,53,F
sid_053_41_501.wav,4.0,53,F
sid_053_41_502.wav,4.0,53,F
sid_053_41_503.wav,4.0,53,F
sid_053_41_504.wav,4.0,53,F
sid_053_42_101.wav,6.0,53,F
sid_053_42_301.wav,6.0,53,F
sid_053_42_401.wav,6.0,53,F
sid_053_42_402.wav,6.0,53,F
sid_053_42_403.wav,6.0,53,F
sid_053_42_404.wav,6.0,53,F
sid_053_42_405.wav,6.0,53,F
sid_053_42_406.wav,6.0,53,F
sid_053_42_407.wav,6.0,53,F
sid_053_42_408.wav,6.0,53,F
sid_053_42_409.wav,6.0,53,F
sid_053_42_410.wav,6.0,53,F
sid_053_42_501.wav,6.0,53,F
sid_053_42_502.wav,6.0,53,F
sid_053_42_503.wav,6.0,53,F
sid_053_42_504.wav,6.0,53,F
sid_053_43_101.wav,3.0,53,F
sid_053_43_301.wav,3.0,53,F
sid_053_43_401.wav,3.0,53,F
sid_053_43_402.wav,3.0,53,F
sid_053_43_403.wav,3.0,53,F
sid_053_43_404.wav,3.0,53,F
sid_053_43_405.wav,3.0,53,F
sid_053_43_406.wav,3.0,53,F
sid_053_43_407.wav,3.0,53,F
sid_053_43_408.wav,3.0,53,F
sid_053_43_409.wav,3.0,53,F
sid_053_43_410.wav,3.0,53,F
sid_053_43_501.wav,3.0,53,F
sid_053_43_502.wav,3.0,53,F
sid_053_43_503.wav,3.0,53,F
sid_053_43_504.wav,3.0,53,F
sid_053_44_101.wav,8.0,53,F
sid_053_44_301.wav,8.0,53,F
sid_053_44_401.wav,8.0,53,F
sid_053_44_402.wav,8.0,53,F
sid_053_44_403.wav,8.0,53,F
sid_053_44_404.wav,8.0,53,F
sid_053_44_405.wav,8.0,53,F
sid_053_44_406.wav,8.0,53,F
sid_053_44_407.wav,8.0,53,F
sid_053_44_408.wav,8.0,53,F
sid_053_44_409.wav,8.0,53,F
sid_053_44_410.wav,8.0,53,F
sid_053_44_501.wav,8.0,53,F
sid_053_44_502.wav,8.0,53,F
sid_053_44_503.wav,8.0,53,F
sid_053_44_504.wav,8.0,53,F
sid_053_45_101.wav,8.0,53,F
sid_053_45_301.wav,8.0,53,F
sid_053_45_401.wav,8.0,53,F
sid_053_45_402.wav,8.0,53,F
sid_053_45_403.wav,8.0,53,F
sid_053_45_404.wav,8.0,53,F
sid_053_45_405.wav,8.0,53,F
sid_053_45_406.wav,8.0,53,F
sid_053_45_407.wav,8.0,53,F
sid_053_45_408.wav,8.0,53,F
sid_053_45_409.wav,8.0,53,F
sid_053_45_410.wav,8.0,53,F
sid_053_45_501.wav,8.0,53,F
sid_053_45_502.wav,8.0,53,F
sid_053_45_503.wav,8.0,53,F
sid_053_45_504.wav,8.0,53,F
sid_053_46_101.wav,8.0,53,F
sid_053_46_301.wav,8.0,53,F
sid_053_46_401.wav,8.0,53,F
sid_053_46_402.wav,8.0,53,F
sid_053_46_403.wav,8.0,53,F
sid_053_46_404.wav,8.0,53,F
sid_053_46_405.wav,8.0,53,F
sid_053_46_406.wav,8.0,53,F
sid_053_46_407.wav,8.0,53,F
sid_053_46_408.wav,8.0,53,F
sid_053_46_409.wav,8.0,53,F
sid_053_46_410.wav,8.0,53,F
sid_053_46_501.wav,8.0,53,F
sid_053_46_502.wav,8.0,53,F
sid_053_46_503.wav,8.0,53,F
sid_053_46_504.wav,8.0,53,F
sid_053_47_101.wav,8.0,53,F
sid_053_47_301.wav,8.0,53,F
sid_053_47_401.wav,8.0,53,F
sid_053_47_402.wav,8.0,53,F
sid_053_47_403.wav,8.0,53,F
sid_053_47_404.wav,8.0,53,F
sid_053_47_405.wav,8.0,53,F
sid_053_47_406.wav,8.0,53,F
sid_053_47_407.wav,8.0,53,F
sid_053_47_408.wav,8.0,53,F
sid_053_47_409.wav,8.0,53,F
sid_053_47_410.wav,8.0,53,F
sid_053_47_501.wav,8.0,53,F
sid_053_47_502.wav,8.0,53,F
sid_053_47_503.wav,8.0,53,F
sid_053_47_504.wav,8.0,53,F
sid_053_48_101.wav,8.0,53,F
sid_053_48_301.wav,8.0,53,F
sid_053_48_401.wav,8.0,53,F
sid_053_48_402.wav,8.0,53,F
sid_053_48_403.wav,8.0,53,F
sid_053_48_404.wav,8.0,53,F
sid_053_48_405.wav,8.0,53,F
sid_053_48_406.wav,8.0,53,F
sid_053_48_407.wav,8.0,53,F
sid_053_48_408.wav,8.0,53,F
sid_053_48_409.wav,8.0,53,F
sid_053_48_410.wav,8.0,53,F
sid_053_48_501.wav,8.0,53,F
sid_053_48_502.wav,8.0,53,F
sid_053_48_503.wav,8.0,53,F
sid_053_48_504.wav,8.0,53,F
sid_071_01_101.wav,7.0,71,M
sid_071_01_301.wav,7.0,71,M
sid_071_01_401.wav,7.0,71,M
sid_071_01_402.wav,7.0,71,M
sid_071_01_403.wav,7.0,71,M
sid_071_01_404.wav,7.0,71,M
sid_071_01_405.wav,7.0,71,M
sid_071_01_406.wav,7.0,71,M
sid_071_01_407.wav,7.0,71,M
sid_071_01_408.wav,7.0,71,M
sid_071_01_409.wav,7.0,71,M
sid_071_01_410.wav,7.0,71,M
sid_071_01_501.wav,7.0,71,M
sid_071_01_502.wav,7.0,71,M
sid_071_01_503.wav,7.0,71,M
sid_071_01_504.wav,7.0,71,M
sid_071_01_601.wav,7.0,71,M
sid_071_02_101.wav,3.0,71,M
sid_071_02_301.wav,3.0,71,M
sid_071_02_401.wav,3.0,71,M
sid_071_02_402.wav,3.0,71,M
sid_071_02_403.wav,3.0,71,M
sid_071_02_404.wav,3.0,71,M
sid_071_02_405.wav,3.0,71,M
sid_071_02_406.wav,3.0,71,M
sid_071_02_407.wav,3.0,71,M
sid_071_02_408.wav,3.0,71,M
sid_071_02_409.wav,3.0,71,M
sid_071_02_410.wav,3.0,71,M
sid_071_02_501.wav,3.0,71,M
sid_071_02_502.wav,3.0,71,M
sid_071_02_503.wav,3.0,71,M
sid_071_02_504.wav,3.0,71,M
sid_071_02_601.wav,3.0,71,M
sid_072_01_101.wav,4.0,72,F
sid_072_01_301.wav,4.0,72,F
sid_072_01_401.wav,4.0,72,F
sid_072_01_402.wav,4.0,72,F
sid_072_01_403.wav,4.0,72,F
sid_072_01_404.wav,4.0,72,F
sid_072_01_405.wav,4.0,72,F
sid_072_01_406.wav,4.0,72,F
sid_072_01_407.wav,4.0,72,F
sid_072_01_408.wav,4.0,72,F
sid_072_01_409.wav,4.0,72,F
sid_072_01_410.wav,4.0,72,F
sid_072_01_501.wav,4.0,72,F
sid_072_01_502.wav,4.0,72,F
sid_072_01_503.wav,4.0,72,F
sid_072_01_504.wav,4.0,72,F
sid_072_01_601.wav,4.0,72,F
sid_072_02_101.wav,4.0,72,F
sid_072_02_301.wav,4.0,72,F
sid_072_02_401.wav,4.0,72,F
sid_072_02_402.wav,4.0,72,F
sid_072_02_403.wav,4.0,72,F
sid_072_02_404.wav,4.0,72,F
sid_072_02_405.wav,4.0,72,F
sid_072_02_406.wav,4.0,72,F
sid_072_02_407.wav,4.0,72,F
sid_072_02_408.wav,4.0,72,F
sid_072_02_409.wav,4.0,72,F
sid_072_02_410.wav,4.0,72,F
sid_072_02_501.wav,4.0,72,F
sid_072_02_502.wav,4.0,72,F
sid_072_02_503.wav,4.0,72,F
sid_072_02_504.wav,4.0,72,F
sid_072_02_601.wav,4.0,72,F
sid_073_01_101.wav,4.0,73,F
sid_073_01_301.wav,4.0,73,F
sid_073_01_401.wav,4.0,73,F
sid_073_01_402.wav,4.0,73,F
sid_073_01_403.wav,4.0,73,F
sid_073_01_404.wav,4.0,73,F
sid_073_01_405.wav,4.0,73,F
sid_073_01_406.wav,4.0,73,F
sid_073_01_407.wav,4.0,73,F
sid_073_01_408.wav,4.0,73,F
sid_073_01_409.wav,4.0,73,F
sid_073_01_410.wav,4.0,73,F
sid_073_01_501.wav,4.0,73,F
sid_073_01_502.wav,4.0,73,F
sid_073_01_503.wav,4.0,73,F
sid_073_01_504.wav,4.0,73,F
sid_073_01_601.wav,4.0,73,F
sid_073_02_101.wav,2.0,73,F
sid_073_02_301.wav,2.0,73,F
sid_073_02_401.wav,2.0,73,F
sid_073_02_402.wav,2.0,73,F
sid_073_02_403.wav,2.0,73,F
sid_073_02_404.wav,2.0,73,F
sid_073_02_405.wav,2.0,73,F
sid_073_02_406.wav,2.0,73,F
sid_073_02_407.wav,2.0,73,F
sid_073_02_408.wav,2.0,73,F
sid_073_02_409.wav,2.0,73,F
sid_073_02_410.wav,2.0,73,F
sid_073_02_501.wav,2.0,73,F
sid_073_02_502.wav,2.0,73,F
sid_073_02_503.wav,2.0,73,F
sid_073_02_504.wav,2.0,73,F
sid_073_02_601.wav,2.0,73,F
sid_074_01_101.wav,4.0,74,F
sid_074_01_301.wav,4.0,74,F
sid_074_01_401.wav,4.0,74,F
sid_074_01_402.wav,4.0,74,F
sid_074_01_403.wav,4.0,74,F
sid_074_01_404.wav,4.0,74,F
sid_074_01_405.wav,4.0,74,F
sid_074_01_406.wav,4.0,74,F
sid_074_01_407.wav,4.0,74,F
sid_074_01_408.wav,4.0,74,F
sid_074_01_409.wav,4.0,74,F
sid_074_01_410.wav,4.0,74,F
sid_074_01_501.wav,4.0,74,F
sid_074_01_502.wav,4.0,74,F
sid_074_01_503.wav,4.0,74,F
sid_074_01_504.wav,4.0,74,F
sid_074_01_601.wav,4.0,74,F
sid_074_02_101.wav,6.0,74,F
sid_074_02_301.wav,6.0,74,F
sid_074_02_401.wav,6.0,74,F
sid_074_02_402.wav,6.0,74,F
sid_074_02_403.wav,6.0,74,F
sid_074_02_404.wav,6.0,74,F
sid_074_02_405.wav,6.0,74,F
sid_074_02_406.wav,6.0,74,F
sid_074_02_407.wav,6.0,74,F
sid_074_02_408.wav,6.0,74,F
sid_074_02_409.wav,6.0,74,F
sid_074_02_410.wav,6.0,74,F
sid_074_02_501.wav,6.0,74,F
sid_074_02_502.wav,6.0,74,F
sid_074_02_503.wav,6.0,74,F
sid_074_02_504.wav,6.0,74,F
sid_074_02_601.wav,6.0,74,F
sid_075_01_101.wav,4.0,75,M
sid_075_01_301.wav,4.0,75,M
sid_075_01_401.wav,4.0,75,M
sid_075_01_402.wav,4.0,75,M
sid_075_01_403.wav,4.0,75,M
sid_075_01_404.wav,4.0,75,M
sid_075_01_405.wav,4.0,75,M
sid_075_01_406.wav,4.0,75,M
sid_075_01_407.wav,4.0,75,M
sid_075_01_408.wav,4.0,75,M
sid_075_01_409.wav,4.0,75,M
sid_075_01_410.wav,4.0,75,M
sid_075_01_501.wav,4.0,75,M
sid_075_01_502.wav,4.0,75,M
sid_075_01_503.wav,4.0,75,M
sid_075_01_504.wav,4.0,75,M
sid_075_01_601.wav,4.0,75,M
sid_075_02_101.wav,6.0,75,M
sid_075_02_301.wav,6.0,75,M
sid_075_02_401.wav,6.0,75,M
sid_075_02_402.wav,6.0,75,M
sid_075_02_403.wav,6.0,75,M
sid_075_02_404.wav,6.0,75,M
sid_075_02_405.wav,6.0,75,M
sid_075_02_406.wav,6.0,75,M
sid_075_02_407.wav,6.0,75,M
sid_075_02_408.wav,6.0,75,M
sid_075_02_409.wav,6.0,75,M
sid_075_02_410.wav,6.0,75,M
sid_075_02_501.wav,6.0,75,M
sid_075_02_502.wav,6.0,75,M
sid_075_02_503.wav,6.0,75,M
sid_075_02_504.wav,6.0,75,M
sid_075_02_601.wav,6.0,75,M
sid_076_01_101.wav,6.0,76,M
sid_076_01_301.wav,6.0,76,M
sid_076_01_401.wav,6.0,76,M
sid_076_01_402.wav,6.0,76,M
sid_076_01_403.wav,6.0,76,M
sid_076_01_404.wav,6.0,76,M
sid_076_01_405.wav,6.0,76,M
sid_076_01_406.wav,6.0,76,M
sid_076_01_407.wav,6.0,76,M
sid_076_01_408.wav,6.0,76,M
sid_076_01_409.wav,6.0,76,M
sid_076_01_410.wav,6.0,76,M
sid_076_01_501.wav,6.0,76,M
sid_076_01_502.wav,6.0,76,M
sid_076_01_503.wav,6.0,76,M
sid_076_01_504.wav,6.0,76,M
sid_076_01_601.wav,6.0,76,M
sid_076_02_101.wav,4.0,76,M
sid_076_02_301.wav,4.0,76,M
sid_076_02_401.wav,4.0,76,M
sid_076_02_402.wav,4.0,76,M
sid_076_02_403.wav,4.0,76,M
sid_076_02_404.wav,4.0,76,M
sid_076_02_405.wav,4.0,76,M
sid_076_02_406.wav,4.0,76,M
sid_076_02_407.wav,4.0,76,M
sid_076_02_408.wav,4.0,76,M
sid_076_02_409.wav,4.0,76,M
sid_076_02_410.wav,4.0,76,M
sid_076_02_501.wav,4.0,76,M
sid_076_02_502.wav,4.0,76,M
sid_076_02_503.wav,4.0,76,M
sid_076_02_504.wav,4.0,76,M
sid_076_02_601.wav,4.0,76,M
sid_077_01_101.wav,7.0,77,F
sid_077_01_301.wav,7.0,77,F
sid_077_01_401.wav,7.0,77,F
sid_077_01_402.wav,7.0,77,F
sid_077_01_403.wav,7.0,77,F
sid_077_01_404.wav,7.0,77,F
sid_077_01_405.wav,7.0,77,F
sid_077_01_406.wav,7.0,77,F
sid_077_01_407.wav,7.0,77,F
sid_077_01_408.wav,7.0,77,F
sid_077_01_409.wav,7.0,77,F
sid_077_01_410.wav,7.0,77,F
sid_077_01_501.wav,7.0,77,F
sid_077_01_502.wav,7.0,77,F
sid_077_01_503.wav,7.0,77,F
sid_077_01_504.wav,7.0,77,F
sid_077_01_601.wav,7.0,77,F
sid_077_02_101.wav,6.0,77,F
sid_077_02_301.wav,6.0,77,F
sid_077_02_401.wav,6.0,77,F
sid_077_02_402.wav,6.0,77,F
sid_077_02_403.wav,6.0,77,F
sid_077_02_404.wav,6.0,77,F
sid_077_02_405.wav,6.0,77,F
sid_077_02_406.wav,6.0,77,F
sid_077_02_407.wav,6.0,77,F
sid_077_02_408.wav,6.0,77,F
sid_077_02_409.wav,6.0,77,F
sid_077_02_410.wav,6.0,77,F
sid_077_02_501.wav,6.0,77,F
sid_077_02_502.wav,6.0,77,F
sid_077_02_503.wav,6.0,77,F
sid_077_02_504.wav,6.0,77,F
sid_077_02_601.wav,6.0,77,F
sid_090_01_101.wav,6.0,90,M
sid_090_01_301.wav,6.0,90,M
sid_090_01_401.wav,6.0,90,M
sid_090_01_402.wav,6.0,90,M
sid_090_01_403.wav,6.0,90,M
sid_090_01_404.wav,6.0,90,M
sid_090_01_405.wav,6.0,90,M
sid_090_01_406.wav,6.0,90,M
sid_090_01_407.wav,6.0,90,M
sid_090_01_408.wav,6.0,90,M
sid_090_01_409.wav,6.0,90,M
sid_090_01_410.wav,6.0,90,M
sid_090_01_501.wav,6.0,90,M
sid_090_01_502.wav,6.0,90,M
sid_090_01_503.wav,6.0,90,M
sid_090_01_504.wav,6.0,90,M
sid_090_01_601.wav,6.0,90,M
sid_090_02_101.wav,6.0,90,M
sid_090_02_301.wav,6.0,90,M
sid_090_02_401.wav,6.0,90,M
sid_090_02_402.wav,6.0,90,M
sid_090_02_403.wav,6.0,90,M
sid_090_02_404.wav,6.0,90,M
sid_090_02_405.wav,6.0,90,M
sid_090_02_406.wav,6.0,90,M
sid_090_02_407.wav,6.0,90,M
sid_090_02_408.wav,6.0,90,M
sid_090_02_409.wav,6.0,90,M
sid_090_02_410.wav,6.0,90,M
sid_090_02_501.wav,6.0,90,M
sid_090_02_502.wav,6.0,90,M
sid_090_02_503.wav,6.0,90,M
sid_090_02_504.wav,6.0,90,M
sid_090_02_601.wav,6.0,90,M
sid_091_01_101.wav,4.0,91,M
sid_091_01_301.wav,4.0,91,M
sid_091_01_401.wav,4.0,91,M
sid_091_01_402.wav,4.0,91,M
sid_091_01_403.wav,4.0,91,M
sid_091_01_404.wav,4.0,91,M
sid_091_01_405.wav,4.0,91,M
sid_091_01_406.wav,4.0,91,M
sid_091_01_407.wav,4.0,91,M
sid_091_01_408.wav,4.0,91,M
sid_091_01_409.wav,4.0,91,M
sid_091_01_410.wav,4.0,91,M
sid_091_01_501.wav,4.0,91,M
sid_091_01_502.wav,4.0,91,M
sid_091_01_503.wav,4.0,91,M
sid_091_01_504.wav,4.0,91,M
sid_091_01_601.wav,4.0,91,M
sid_091_02_101.wav,6.0,91,M
sid_091_02_301.wav,6.0,91,M
sid_091_02_401.wav,6.0,91,M
sid_091_02_402.wav,6.0,91,M
sid_091_02_403.wav,6.0,91,M
sid_091_02_404.wav,6.0,91,M
sid_091_02_405.wav,6.0,91,M
sid_091_02_406.wav,6.0,91,M
sid_091_02_407.wav,6.0,91,M
sid_091_02_408.wav,6.0,91,M
sid_091_02_409.wav,6.0,91,M
sid_091_02_410.wav,6.0,91,M
sid_091_02_501.wav,6.0,91,M
sid_091_02_502.wav,6.0,91,M
sid_091_02_503.wav,6.0,91,M
sid_091_02_504.wav,6.0,91,M
sid_091_02_601.wav,6.0,91,M
sid_092_01_101.wav,3.0,92,M
sid_092_01_301.wav,3.0,92,M
sid_092_01_401.wav,3.0,92,M
sid_092_01_402.wav,3.0,92,M
sid_092_01_403.wav,3.0,92,M
sid_092_01_404.wav,3.0,92,M
sid_092_01_405.wav,3.0,92,M
sid_092_01_406.wav,3.0,92,M
sid_092_01_407.wav,3.0,92,M
sid_092_01_408.wav,3.0,92,M
sid_092_01_409.wav,3.0,92,M
sid_092_01_410.wav,3.0,92,M
sid_092_01_501.wav,3.0,92,M
sid_092_01_502.wav,3.0,92,M
sid_092_01_503.wav,3.0,92,M
sid_092_01_504.wav,3.0,92,M
sid_092_01_601.wav,3.0,92,M
sid_092_02_101.wav,4.0,92,M
sid_092_02_301.wav,4.0,92,M
sid_092_02_401.wav,4.0,92,M
sid_092_02_402.wav,4.0,92,M
sid_092_02_403.wav,4.0,92,M
sid_092_02_404.wav,4.0,92,M
sid_092_02_405.wav,4.0,92,M
sid_092_02_406.wav,4.0,92,M
sid_092_02_407.wav,4.0,92,M
sid_092_02_408.wav,4.0,92,M
sid_092_02_409.wav,4.0,92,M
sid_092_02_410.wav,4.0,92,M
sid_092_02_501.wav,4.0,92,M
sid_092_02_502.wav,4.0,92,M
sid_092_02_503.wav,4.0,92,M
sid_092_02_504.wav,4.0,92,M
sid_092_02_601.wav,4.0,92,M
sid_093_01_101.wav,5.0,93,M
sid_093_01_301.wav,5.0,93,M
sid_093_01_401.wav,5.0,93,M
sid_093_01_402.wav,5.0,93,M
sid_093_01_403.wav,5.0,93,M
sid_093_01_404.wav,5.0,93,M
sid_093_01_405.wav,5.0,93,M
sid_093_01_406.wav,5.0,93,M
sid_093_01_407.wav,5.0,93,M
sid_093_01_408.wav,5.0,93,M
sid_093_01_409.wav,5.0,93,M
sid_093_01_410.wav,5.0,93,M
sid_093_01_501.wav,5.0,93,M
sid_093_01_502.wav,5.0,93,M
sid_093_01_503.wav,5.0,93,M
sid_093_01_504.wav,5.0,93,M
sid_093_01_601.wav,5.0,93,M
sid_093_02_101.wav,4.0,93,M
sid_093_02_301.wav,4.0,93,M
sid_093_02_401.wav,4.0,93,M
sid_093_02_402.wav,4.0,93,M
sid_093_02_403.wav,4.0,93,M
sid_093_02_404.wav,4.0,93,M
sid_093_02_405.wav,4.0,93,M
sid_093_02_406.wav,4.0,93,M
sid_093_02_407.wav,4.0,93,M
sid_093_02_408.wav,4.0,93,M
sid_093_02_409.wav,4.0,93,M
sid_093_02_410.wav,4.0,93,M
sid_093_02_501.wav,4.0,93,M
sid_093_02_502.wav,4.0,93,M
sid_093_02_503.wav,4.0,93,M
sid_093_02_504.wav,4.0,93,M
sid_093_02_601.wav,4.0,93,M
sid_095_01_101.wav,7.0,95,F
sid_095_01_301.wav,7.0,95,F
sid_095_01_401.wav,7.0,95,F
sid_095_01_402.wav,7.0,95,F
sid_095_01_403.wav,7.0,95,F
sid_095_01_404.wav,7.0,95,F
sid_095_01_405.wav,7.0,95,F
sid_095_01_406.wav,7.0,95,F
sid_095_01_407.wav,7.0,95,F
sid_095_01_408.wav,7.0,95,F
sid_095_01_409.wav,7.0,95,F
sid_095_01_410.wav,7.0,95,F
sid_095_01_501.wav,7.0,95,F
sid_095_01_502.wav,7.0,95,F
sid_095_01_503.wav,7.0,95,F
sid_095_01_504.wav,7.0,95,F
sid_095_01_601.wav,7.0,95,F
sid_095_02_101.wav,8.0,95,F
sid_095_02_301.wav,8.0,95,F
sid_095_02_401.wav,8.0,95,F
sid_095_02_402.wav,8.0,95,F
sid_095_02_403.wav,8.0,95,F
sid_095_02_404.wav,8.0,95,F
sid_095_02_405.wav,8.0,95,F
sid_095_02_406.wav,8.0,95,F
sid_095_02_407.wav,8.0,95,F
sid_095_02_408.wav,8.0,95,F
sid_095_02_409.wav,8.0,95,F
sid_095_02_410.wav,8.0,95,F
sid_095_02_501.wav,8.0,95,F
sid_095_02_502.wav,8.0,95,F
sid_095_02_503.wav,8.0,95,F
sid_095_02_504.wav,8.0,95,F
sid_095_02_601.wav,8.0,95,F
sid_096_01_101.wav,3.0,96,F
sid_096_01_301.wav,3.0,96,F
sid_096_01_401.wav,3.0,96,F
sid_096_01_402.wav,3.0,96,F
sid_096_01_403.wav,3.0,96,F
sid_096_01_404.wav,3.0,96,F
sid_096_01_405.wav,3.0,96,F
sid_096_01_406.wav,3.0,96,F
sid_096_01_407.wav,3.0,96,F
sid_096_01_408.wav,3.0,96,F
sid_096_01_409.wav,3.0,96,F
sid_096_01_410.wav,3.0,96,F
sid_096_01_501.wav,3.0,96,F
sid_096_01_502.wav,3.0,96,F
sid_096_01_503.wav,3.0,96,F
sid_096_01_504.wav,3.0,96,F
sid_096_01_601.wav,3.0,96,F
sid_096_02_101.wav,3.0,96,F
sid_096_02_301.wav,3.0,96,F
sid_096_02_401.wav,3.0,96,F
sid_096_02_402.wav,3.0,96,F
sid_096_02_403.wav,3.0,96,F
sid_096_02_404.wav,3.0,96,F
sid_096_02_405.wav,3.0,96,F
sid_096_02_406.wav,3.0,96,F
sid_096_02_407.wav,3.0,96,F
sid_096_02_408.wav,3.0,96,F
sid_096_02_409.wav,3.0,96,F
sid_096_02_410.wav,3.0,96,F
sid_096_02_501.wav,3.0,96,F
sid_096_02_502.wav,3.0,96,F
sid_096_02_503.wav,3.0,96,F
sid_096_02_504.wav,3.0,96,F
sid_096_02_601.wav,3.0,96,F
sid_099_01_101.wav,3.0,99,F
sid_099_01_301.wav,3.0,99,F
sid_099_01_401.wav,3.0,99,F
sid_099_01_402.wav,3.0,99,F
sid_099_01_403.wav,3.0,99,F
sid_099_01_404.wav,3.0,99,F
sid_099_01_405.wav,3.0,99,F
sid_099_01_406.wav,3.0,99,F
sid_099_01_407.wav,3.0,99,F
sid_099_01_408.wav,3.0,99,F
sid_099_01_409.wav,3.0,99,F
sid_099_01_410.wav,3.0,99,F
sid_099_01_501.wav,3.0,99,F
sid_099_01_502.wav,3.0,99,F
sid_099_01_503.wav,3.0,99,F
sid_099_01_504.wav,3.0,99,F
sid_099_01_601.wav,3.0,99,F
sid_099_02_101.wav,3.0,99,F
sid_099_02_301.wav,3.0,99,F
sid_099_02_401.wav,3.0,99,F
sid_099_02_402.wav,3.0,99,F
sid_099_02_403.wav,3.0,99,F
sid_099_02_404.wav,3.0,99,F
sid_099_02_405.wav,3.0,99,F
sid_099_02_406.wav,3.0,99,F
sid_099_02_407.wav,3.0,99,F
sid_099_02_408.wav,3.0,99,F
sid_099_02_409.wav,3.0,99,F
sid_099_02_410.wav,3.0,99,F
sid_099_02_501.wav,3.0,99,F
sid_099_02_502.wav,3.0,99,F
sid_099_02_503.wav,3.0,99,F
sid_099_02_504.wav,3.0,99,F
sid_099_02_601.wav,3.0,99,F
sid_101_01_101.wav,3.0,101,F
sid_101_01_301.wav,3.0,101,F
sid_101_01_401.wav,3.0,101,F
sid_101_01_402.wav,3.0,101,F
sid_101_01_403.wav,3.0,101,F
sid_101_01_404.wav,3.0,101,F
sid_101_01_405.wav,3.0,101,F
sid_101_01_406.wav,3.0,101,F
sid_101_01_407.wav,3.0,101,F
sid_101_01_408.wav,3.0,101,F
sid_101_01_409.wav,3.0,101,F
sid_101_01_410.wav,3.0,101,F
sid_101_01_501.wav,3.0,101,F
sid_101_01_502.wav,3.0,101,F
sid_101_01_503.wav,3.0,101,F
sid_101_01_504.wav,3.0,101,F
sid_101_01_601.wav,3.0,101,F
sid_101_02_101.wav,3.0,101,F
sid_101_02_301.wav,3.0,101,F
sid_101_02_401.wav,3.0,101,F
sid_101_02_402.wav,3.0,101,F
sid_101_02_403.wav,3.0,101,F
sid_101_02_404.wav,3.0,101,F
sid_101_02_405.wav,3.0,101,F
sid_101_02_406.wav,3.0,101,F
sid_101_02_407.wav,3.0,101,F
sid_101_02_408.wav,3.0,101,F
sid_101_02_409.wav,3.0,101,F
sid_101_02_410.wav,3.0,101,F
sid_101_02_501.wav,3.0,101,F
sid_101_02_502.wav,3.0,101,F
sid_101_02_503.wav,3.0,101,F
sid_101_02_504.wav,3.0,101,F
sid_101_02_601.wav,3.0,101,F
sid_121_01_801.wav,4.0,121,F
sid_121_02_801.wav,4.0,121,F
sid_121_03_801.wav,4.0,121,F
sid_121_04_801.wav,4.0,121,F
sid_121_05_801.wav,4.0,121,F
sid_121_06_801.wav,4.0,121,F
sid_121_07_801.wav,4.0,121,F
sid_121_08_801.wav,4.0,121,F
sid_121_09_801.wav,4.0,121,F
sid_121_10_801.wav,4.0,121,F
sid_121_11_801.wav,4.0,121,F
sid_121_12_801.wav,4.0,121,F
sid_121_13_801.wav,3.3,121,F
sid_121_14_801.wav,3.3,121,F
sid_121_15_801.wav,3.3,121,F
sid_121_16_801.wav,3.3,121,F
sid_121_17_801.wav,3.3,121,F
sid_122_01_801.wav,6.7,122,F
sid_122_02_801.wav,6.7,122,F
sid_122_03_801.wav,6.7,122,F
sid_122_04_801.wav,6.7,122,F
sid_122_05_801.wav,6.7,122,F
sid_122_06_801.wav,6.4,122,F
sid_122_07_801.wav,6.4,122,F
sid_122_08_801.wav,6.4,122,F
sid_122_09_801.wav,6.4,122,F
sid_122_10_801.wav,6.4,122,F
sid_122_11_801.wav,6.8,122,F
sid_122_12_801.wav,7.4,122,F
sid_122_13_801.wav,7.4,122,F
sid_122_14_801.wav,7.4,122,F
sid_122_16_801.wav,5.7,122,F
sid_123_01_801.wav,6.0,123,F
sid_123_02_801.wav,6.0,123,F
sid_123_03_801.wav,6.0,123,F
sid_123_04_801.wav,6.0,123,F
sid_123_05_801.wav,6.0,123,F
sid_123_06_801.wav,6.8,123,F
sid_123_07_801.wav,6.8,123,F
sid_123_08_801.wav,6.8,123,F
sid_123_09_801.wav,6.8,123,F
sid_123_10_801.wav,6.8,123,F
sid_123_11_801.wav,6.8,123,F
sid_123_12_801.wav,6.8,123,F
sid_123_13_801.wav,6.8,123,F
sid_123_14_801.wav,6.8,123,F
sid_123_15_801.wav,6.8,123,F
sid_123_16_801.wav,6.8,123,F
sid_123_17_801.wav,6.8,123,F
sid_123_18_801.wav,6.8,123,F
sid_123_19_801.wav,7.0,123,F
sid_123_20_801.wav,7.0,123,F
sid_123_21_801.wav,8.0,123,F
sid_124_01_801.wav,5.8,124,F
sid_124_02_801.wav,5.8,124,F
sid_124_03_801.wav,5.8,124,F
sid_124_04_801.wav,5.8,124,F
sid_124_05_801.wav,5.8,124,F
sid_124_06_801.wav,7.1,124,F
sid_124_07_801.wav,7.1,124,F
sid_124_08_801.wav,7.1,124,F
sid_124_09_801.wav,7.1,124,F
sid_124_10_801.wav,7.1,124,F
sid_124_11_801.wav,7.2,124,F
sid_124_12_801.wav,7.2,124,F
sid_124_13_801.wav,7.2,124,F
sid_124_14_801.wav,7.2,124,F
sid_124_15_801.wav,7.2,124,F
sid_124_16_801.wav,7.9,124,F
sid_124_17_801.wav,7.9,124,F
sid_124_18_801.wav,8.6,124,F
sid_124_19_801.wav,8.6,124,F
sid_124_20_801.wav,8.6,124,F
sid_124_21_801.wav,8.8,124,F
sid_124_22_801.wav,8.8,124,F
sid_130_01_801.wav,7.6,130,M
sid_130_02_801.wav,7.6,130,M
sid_130_03_801.wav,7.6,130,M
sid_130_04_801.wav,7.6,130,M
sid_130_05_801.wav,7.6,130,M
sid_130_06_801.wav,8.1,130,M
sid_130_07_801.wav,8.1,130,M
sid_130_08_801.wav,8.1,130,M
sid_130_09_801.wav,8.1,130,M
sid_130_10_801.wav,8.1,130,M
sid_130_11_801.wav,8.2,130,M
sid_130_12_801.wav,8.2,130,M
sid_130_13_801.wav,8.2,130,M
sid_130_14_801.wav,8.2,130,M
sid_130_15_801.wav,8.2,130,M
sid_130_16_801.wav,8.2,130,M
sid_130_17_801.wav,8.2,130,M
sid_130_18_801.wav,8.2,130,M
sid_130_19_801.wav,8.2,130,M
sid_130_20_801.wav,8.2,130,M
sid_130_21_801.wav,8.1,130,M
sid_130_22_801.wav,8.1,130,M
sid_130_23_801.wav,8.1,130,M
sid_130_24_801.wav,8.1,130,M
sid_130_25_801.wav,8.1,130,M
sid_130_26_801.wav,8.1,130,M
sid_130_27_801.wav,8.7,130,M
sid_130_28_801.wav,8.7,130,M
sid_130_29_801.wav,8.7,130,M
sid_130_30_801.wav,8.7,130,M
sid_130_31_801.wav,8.8,130,M
